{"type": "FeatureCollection", "features": [{"type": "Feature", "properties": {"shapeID": "69750345B35244651716901", "shapeName": "Western North Region"}, "geometry": {"type": "Polygon", "coordinates": [[[-2.5708, 5.71438], [-2.54608, 5.68842], [-2.54334, 5.64195], [-2.56256, 5.62145], [-2.5557, 5.58592], [-2.55844, 5.52988], [-2.59003, 5.51894], [-2.5763, 5.50527], [-2.5763, 5.47383], [-2.61063, 5.39727], [-2.64084, 5.35762], [-2.67792, 5.34395], [-2.7259, 5.34127], [-2.72422, 5.38798], [-2.74897, 5.43773], [-2.76536, 5.53708], [-2.76777, 5.55526], [-2.76129, 5.59984], [-2.76567, 5.60384], [-2.77628, 5.60457], [-2.77507, 5.61586], [-2.78686, 5.61914], [-2.78556, 5.62405], [-2.78987, 5.62329], [-2.78962, 5.6277], [-2.80364, 5.61735], [-2.81057, 5.62491], [-2.8086, 5.62761], [-2.82095, 5.62694], [-2.82783, 5.63472], [-2.83483, 5.6359], [-2.83635, 5.64013], [-2.85879, 5.65033], [-2.85553, 5.65406], [-2.85787, 5.65732], [-2.86028, 5.65161], [-2.86541, 5.65216], [-2.87167, 5.64076], [-2.87523, 5.64414], [-2.87847, 5.63995], [-2.88313, 5.64069], [-2.88639, 5.63257], [-2.88727, 5.63593], [-2.89903, 5.62896], [-2.90276, 5.63236], [-2.92044, 5.62803], [-2.92668, 5.61989], [-2.93351, 5.61996], [-2.94809, 5.63748], [-2.95863, 5.63714], [-2.96246, 5.64193], [-2.96645, 5.64128], [-2.95397, 5.71602], [-3.02643, 5.70923], [-3.02003, 5.85688], [-3.07381, 5.985], [-3.10274, 6.15313], [-3.15451, 6.25152], [-3.17569, 6.25282], [-3.17146, 6.26455], [-3.17062, 6.29703], [-3.17611, 6.31956], [-3.18196, 6.32985], [-3.2362, 6.54139], [-3.23327, 6.60125], [-3.25217, 6.61066], [-3.2593, 6.61687], [-3.26079, 6.62302], [-3.25618, 6.63519], [-3.25683, 6.64399], [-3.24372, 6.66529], [-3.23466, 6.66787], [-3.23532, 6.6774], [-3.23086, 6.68081], [-3.23253, 6.68625], [-3.22844, 6.68939], [-3.23112, 6.70056], [-3.22165, 6.70557], [-3.21647, 6.71454], [-3.21618, 6.72562], [-3.209, 6.7317], [-3.21738, 6.74664], [-3.21197, 6.75483], [-3.23611, 6.77758], [-3.2319, 6.78116], [-3.22948, 6.80925], [-3.23203, 6.8223], [-3.10975, 7.0157], [-3.09072, 6.95527], [-3.07383, 6.93303], [-3.04554, 6.9261], [-2.97648, 6.94324], [-2.95297, 6.93886], [-2.90412, 6.90313], [-2.86775, 6.83566], [-2.85159, 6.78387], [-2.84718, 6.75432], [-2.85122, 6.70981], [-2.84902, 6.6653], [-2.83984, 6.63028], [-2.80053, 6.62006], [-2.77592, 6.60802], [-2.75131, 6.58722], [-2.72927, 6.58029], [-2.67307, 6.58175], [-2.65397, 6.57226], [-2.64625, 6.56314], [-2.63597, 6.52555], [-2.62972, 6.51642], [-2.57352, 6.49161], [-2.55222, 6.47226], [-2.54744, 6.4416], [-2.52871, 6.39524], [-2.51181, 6.38831], [-2.45524, 6.39055], [-2.42467, 6.38815], [-2.4325, 6.35012], [-2.40803, 6.34665], [-2.37561, 6.36655], [-2.36481, 6.37792], [-2.36357, 6.42029], [-2.34425, 6.49576], [-2.32717, 6.50245], [-2.3011, 6.49218], [-2.26919, 6.47387], [-2.25481, 6.48459], [-2.2283, 6.4578], [-2.24088, 6.39036], [-2.21916, 6.33842], [-2.19521, 6.35636], [-2.15549, 6.35419], [-2.13617, 6.33319], [-2.12943, 6.30862], [-2.11639, 6.29031], [-2.07729, 6.28361], [-2.09257, 6.2644], [-2.12493, 6.24162], [-2.1465, 6.23503], [-2.17674, 6.21519], [-2.17855, 6.18513], [-2.17311, 6.15025], [-2.1592, 6.1292], [-2.23023, 6.1351], [-2.26044, 6.08594], [-2.30439, 6.08594], [-2.34833, 6.0914], [-2.38609, 6.08252], [-2.41425, 6.08594], [-2.46094, 6.10232], [-2.4939, 6.07501], [-2.51862, 6.02585], [-2.53784, 5.9521], [-2.48841, 5.93024], [-2.50489, 5.88107], [-2.50214, 5.84008], [-2.49802, 5.81959], [-2.47193, 5.81276], [-2.4939, 5.76357], [-2.53372, 5.77314], [-2.56119, 5.79226], [-2.57218, 5.74991], [-2.5708, 5.71438]]]}}, {"type": "Feature", "properties": {"shapeID": "69750345B39836988306125", "shapeName": "Ahafo Region"}, "geometry": {"type": "Polygon", "coordinates": [[[-2.45524, 6.39055], [-2.51181, 6.38831], [-2.52871, 6.39524], [-2.54744, 6.4416], [-2.55222, 6.47226], [-2.57352, 6.49161], [-2.62972, 6.51642], [-2.63597, 6.52555], [-2.64625, 6.56314], [-2.65397, 6.57226], [-2.67307, 6.58175], [-2.72927, 6.58029], [-2.75131, 6.58722], [-2.77592, 6.60802], [-2.80053, 6.62006], [-2.83984, 6.63028], [-2.84902, 6.6653], [-2.85122, 6.70981], [-2.84718, 6.75432], [-2.85159, 6.78387], [-2.86775, 6.83566], [-2.84271, 6.88007], [-2.83859, 6.94824], [-2.80563, 6.97141], [-2.79602, 7.0014], [-2.76169, 7.02321], [-2.75208, 7.06274], [-2.7301, 7.08999], [-2.69303, 7.09544], [-2.68753, 7.12951], [-2.64221, 7.13087], [-2.59689, 7.17584], [-2.58179, 7.17584], [-2.57355, 7.20854], [-2.54608, 7.22489], [-2.4884, 7.22625], [-2.49252, 7.12815], [-2.45133, 7.12815], [-2.41562, 7.11997], [-2.39227, 7.09953], [-2.41699, 7.08727], [-2.36206, 7.09817], [-2.34421, 7.1227], [-2.31674, 7.11316], [-2.31125, 7.09135], [-2.27966, 7.11316], [-2.28928, 7.14586], [-2.32498, 7.18129], [-2.33872, 7.22353], [-2.30164, 7.22489], [-2.2673, 7.23442], [-2.25083, 7.27666], [-2.20413, 7.31207], [-2.16293, 7.31752], [-2.14657, 7.34168], [-2.08968, 7.34027], [-2.06195, 7.30924], [-1.988, 7.31065], [-1.96027, 7.28949], [-1.93681, 7.24717], [-1.85788, 7.22742], [-1.85077, 7.22178], [-1.86144, 7.19991], [-1.86713, 7.14347], [-1.89273, 7.13007], [-1.92543, 7.13007], [-2.00934, 7.05033], [-2.04915, 7.02705], [-2.11457, 7.03269], [-2.15936, 7.01223], [-2.18994, 7.0214], [-2.20629, 7.05739], [-2.23047, 7.05669], [-2.26318, 7.03058], [-2.28343, 6.97568], [-2.33286, 6.89436], [-2.37268, 6.86824], [-2.38405, 6.852], [-2.38547, 6.83929], [-2.28095, 6.84212], [-2.25322, 6.83012], [-2.24682, 6.81247], [-2.2838, 6.79552], [-2.29802, 6.70585], [-2.33865, 6.69592], [-2.35086, 6.66757], [-2.3805, 6.66206], [-2.42103, 6.68113], [-2.42206, 6.63816], [-2.41809, 6.6201], [-2.40315, 6.58285], [-2.38587, 6.56851], [-2.3841, 6.55331], [-2.377, 6.54816], [-2.37725, 6.53957], [-2.38306, 6.53462], [-2.38266, 6.52695], [-2.39734, 6.52046], [-2.39699, 6.50308], [-2.40119, 6.50626], [-2.40549, 6.50505], [-2.41538, 6.49582], [-2.41566, 6.49137], [-2.42505, 6.48742], [-2.42336, 6.47269], [-2.42943, 6.47308], [-2.43575, 6.46171], [-2.44208, 6.4584], [-2.44478, 6.44267], [-2.43856, 6.44192], [-2.44848, 6.43173], [-2.44032, 6.42895], [-2.43829, 6.42047], [-2.42942, 6.41701], [-2.42234, 6.40707], [-2.42549, 6.40462], [-2.42467, 6.38815], [-2.45524, 6.39055]]]}}, {"type": "Feature", "properties": {"shapeID": "69750345B43572680159989", "shapeName": "Bono East Region"}, "geometry": {"type": "Polygon", "coordinates": [[[-0.12646, 7.78824], [-0.11096, 7.76027], [-0.1001, 7.75042], [-0.07729, 7.74727], [-0.01452, 7.75696], [0.00411, 7.74243], [0.0025, 7.71761], [-0.01521, 7.68403], [-0.01685, 7.64835], [-0.0143, 7.62611], [0.00943, 7.57847], [0.04303, 7.53908], [0.07709, 7.48211], [0.08323, 7.44848], [0.09095, 7.42932], [0.15044, 7.3909], [0.17269, 7.3805], [0.1789, 7.381], [0.19856, 7.36802], [0.20835, 7.35093], [0.21498, 7.31005], [0.18256, 7.19326], [0.18233, 7.1797], [0.12323, 7.18388], [0.09788, 7.17772], [0.08107, 7.18171], [0.0674, 7.17366], [0.05051, 7.17206], [0.04086, 7.1809], [0.02906, 7.18546], [0.02129, 7.18305], [0.0111, 7.18626], [0.0044, 7.19404], [-0.00418, 7.19109], [-0.02751, 7.19136], [-0.05271, 7.19645], [-0.06155, 7.18814], [-0.08407, 7.17929], [-0.09413, 7.18314], [-0.09929, 7.1799], [-0.14357, 7.18016], [-0.20046, 7.18439], [-0.20907, 7.20181], [-0.21555, 7.1997], [-0.21725, 7.21105], [-0.22081, 7.21284], [-0.23872, 7.20235], [-0.2437, 7.21191], [-0.24249, 7.22204], [-0.25093, 7.22316], [-0.25665, 7.22833], [-0.25454, 7.23287], [-0.26034, 7.24897], [-0.26167, 7.2667], [-0.27239, 7.26813], [-0.27496, 7.27456], [-0.28813, 7.28053], [-0.28885, 7.28439], [-0.29769, 7.28302], [-0.30224, 7.27773], [-0.30812, 7.27912], [-0.31099, 7.2857], [-0.32444, 7.28109], [-0.32543, 7.28519], [-0.33147, 7.28736], [-0.32987, 7.29094], [-0.34685, 7.29303], [-0.35423, 7.29765], [-0.35677, 7.30158], [-0.35486, 7.30859], [-0.36199, 7.31175], [-0.37728, 7.30912], [-0.38189, 7.31286], [-0.39628, 7.31163], [-0.40856, 7.31827], [-0.42333, 7.32102], [-0.42699, 7.32688], [-0.43113, 7.32328], [-0.44755, 7.33265], [-0.45666, 7.33425], [-0.46067, 7.33117], [-0.47351, 7.3388], [-0.47771, 7.33544], [-0.47941, 7.33826], [-0.48418, 7.33736], [-0.49273, 7.34393], [-0.49707, 7.33935], [-0.49919, 7.34351], [-0.50536, 7.34101], [-0.53396, 7.34784], [-0.54094, 7.35455], [-0.57429, 7.35337], [-0.59304, 7.34741], [-0.59868, 7.34863], [-0.60064, 7.35605], [-0.60817, 7.36184], [-0.61902, 7.38242], [-0.62481, 7.38355], [-0.63906, 7.40235], [-0.6417, 7.42048], [-0.65418, 7.43079], [-0.65144, 7.45609], [-0.64783, 7.46164], [-0.65197, 7.4667], [-0.64788, 7.47707], [-0.65046, 7.4809], [-0.64813, 7.48998], [-0.65152, 7.49561], [-0.65004, 7.50203], [-0.6564, 7.50528], [-0.67101, 7.52274], [-0.67569, 7.52302], [-0.67693, 7.52903], [-0.68359, 7.5249], [-0.68914, 7.53394], [-0.68913, 7.54149], [-0.70108, 7.52878], [-0.70517, 7.52991], [-0.72094, 7.51989], [-0.72634, 7.52284], [-0.73926, 7.52015], [-0.74759, 7.5086], [-0.75105, 7.51063], [-0.75811, 7.50716], [-0.76717, 7.50855], [-0.77351, 7.50388], [-0.78099, 7.5047], [-0.785, 7.4977], [-0.78921, 7.50079], [-0.79576, 7.4989], [-0.80459, 7.50427], [-0.80767, 7.5026], [-0.80844, 7.51101], [-0.8204, 7.49954], [-0.82155, 7.5085], [-0.82835, 7.51226], [-0.84368, 7.50976], [-0.84506, 7.51839], [-0.8558, 7.51876], [-0.86396, 7.5147], [-0.86213, 7.5183], [-0.86677, 7.52071], [-0.87579, 7.51449], [-0.88456, 7.51313], [-0.88994, 7.51658], [-0.89317, 7.50429], [-0.90178, 7.50805], [-0.92522, 7.50377], [-0.93201, 7.5079], [-0.93307, 7.5056], [-0.93587, 7.51409], [-0.95319, 7.52352], [-0.97212, 7.51968], [-0.97707, 7.52592], [-0.97605, 7.52916], [-0.9835, 7.53471], [-0.99211, 7.52937], [-1.0023, 7.5282], [-1.01438, 7.53486], [-1.01797, 7.53224], [-1.02476, 7.53402], [-1.03558, 7.527], [-1.04081, 7.52755], [-1.04531, 7.51558], [-1.0526, 7.50863], [-1.06845, 7.50164], [-1.07044, 7.48921], [-1.08072, 7.47776], [-1.19804, 7.46507], [-1.22577, 7.45732], [-1.27341, 7.46507], [-1.30185, 7.4827], [-1.31678, 7.59055], [-1.34736, 7.62085], [-1.39287, 7.61803], [-1.45117, 7.52993], [-1.4981, 7.4975], [-1.52867, 7.48199], [-1.52299, 7.41572], [-1.52654, 7.38893], [-1.5756, 7.39386], [-1.59622, 7.37553], [-1.60404, 7.35296], [-1.63675, 7.33533], [-1.66448, 7.33392], [-1.69008, 7.34732], [-1.75478, 7.33604], [-1.78109, 7.36425], [-1.82375, 7.38822], [-1.83584, 7.46789], [-1.86642, 7.46366], [-1.91832, 7.44956], [-1.95956, 7.46719], [-1.99298, 7.45732], [-2.01005, 7.46155], [-2.02853, 7.4545], [-2.09898, 7.46331], [-2.12036, 7.50409], [-2.12174, 7.52315], [-2.08603, 7.58169], [-2.07779, 7.61844], [-2.06818, 7.64022], [-2.03247, 7.662], [-2.05856, 7.69058], [-2.06818, 7.73685], [-2.05307, 7.76406], [-2.01599, 7.76406], [-1.96518, 7.794], [-1.93909, 7.79128], [-1.89514, 7.79944], [-1.89377, 7.82257], [-1.90338, 7.86202], [-1.93771, 7.90419], [-1.96518, 7.94636], [-1.99127, 7.95588], [-2.01187, 7.94364], [-2.03522, 7.95044], [-2.02286, 7.96812], [-2.01599, 7.9994], [-2.02561, 8.02252], [-2.06131, 8.06331], [-2.08603, 8.1177], [-2.12174, 8.15105], [-2.11822, 8.15762], [-2.10596, 8.15798], [-2.08095, 8.15318], [-2.06482, 8.14639], [-2.04251, 8.14831], [-2.03109, 8.1547], [-2.00683, 8.15463], [-1.9776, 8.1661], [-1.96123, 8.16868], [-1.9434, 8.18399], [-1.93273, 8.20109], [-1.93213, 8.20978], [-1.91403, 8.22754], [-1.90688, 8.24709], [-1.89587, 8.26101], [-1.86823, 8.25856], [-1.84218, 8.25153], [-1.81368, 8.23642], [-1.80175, 8.22602], [-1.79198, 8.22473], [-1.77042, 8.23274], [-1.74844, 8.25852], [-1.7467, 8.27686], [-1.76653, 8.31074], [-1.76984, 8.32305], [-1.79471, 8.33867], [-1.81776, 8.33957], [-1.84852, 8.32963], [-1.86923, 8.33307], [-1.88295, 8.34742], [-1.90766, 8.39707], [-1.9093, 8.43747], [-1.90311, 8.44719], [-1.89206, 8.45531], [-1.88273, 8.4744], [-1.8967, 8.5329], [-1.88888, 8.58775], [-1.87087, 8.63632], [-1.85492, 8.65433], [-1.8376, 8.66211], [-1.81658, 8.66262], [-1.78856, 8.65268], [-1.75526, 8.63061], [-1.737, 8.62662], [-1.69305, 8.64304], [-1.68247, 8.65864], [-1.6831, 8.67324], [-1.67931, 8.68315], [-1.65673, 8.6953], [-1.64665, 8.69247], [-1.62855, 8.67979], [-1.61185, 8.67616], [-1.55456, 8.67479], [-1.52775, 8.68143], [-1.50961, 8.69205], [-1.49961, 8.73918], [-1.48472, 8.76003], [-1.47459, 8.7655], [-1.43879, 8.76763], [-1.41049, 8.77484], [-1.37555, 8.76785], [-1.35408, 8.75857], [-1.30939, 8.72273], [-1.2873, 8.72049], [-1.26216, 8.69085], [-1.21159, 8.66919], [-1.19764, 8.67082], [-1.18712, 8.67918], [-1.17537, 8.683], [-1.13272, 8.68092], [-1.15152, 8.64054], [-1.14202, 8.58221], [-1.14563, 8.55127], [-1.1625, 8.53661], [-1.17219, 8.53494], [-1.1723, 8.52861], [-1.165, 8.52321], [-1.16368, 8.5151], [-1.16871, 8.50836], [-1.17359, 8.50762], [-1.17439, 8.51692], [-1.17934, 8.51789], [-1.18252, 8.51063], [-1.19594, 8.51155], [-1.19188, 8.50219], [-1.19457, 8.49409], [-1.2183, 8.49127], [-1.22106, 8.48882], [-1.22145, 8.47744], [-1.22943, 8.47705], [-1.23182, 8.47051], [-1.24476, 8.47019], [-1.24281, 8.46734], [-1.24537, 8.46409], [-1.25855, 8.4549], [-1.25745, 8.44921], [-1.26302, 8.43453], [-1.2537, 8.42409], [-1.2581, 8.41384], [-1.25627, 8.41005], [-1.26002, 8.40747], [-1.25585, 8.40296], [-1.25762, 8.39209], [-1.25274, 8.37929], [-1.25545, 8.37273], [-1.26018, 8.37239], [-1.26206, 8.36833], [-1.25686, 8.35929], [-1.25859, 8.35259], [-1.26186, 8.35144], [-1.26569, 8.34026], [-1.27332, 8.33482], [-1.27775, 8.32344], [-1.27492, 8.31142], [-1.28033, 8.3089], [-1.27587, 8.30432], [-1.27519, 8.28528], [-1.26866, 8.2769], [-1.26647, 8.25734], [-1.23713, 8.22375], [-1.22949, 8.20488], [-1.15655, 8.08866], [-1.16542, 8.06981], [-1.16605, 8.06038], [-1.15927, 8.03441], [-1.15895, 8.02304], [-1.1625, 8.01485], [-1.15774, 7.99939], [-1.13573, 7.99831], [-1.13161, 7.99514], [-1.12579, 7.9976], [-1.12031, 7.99323], [-1.11235, 7.99564], [-1.10674, 7.99257], [-1.09504, 7.99821], [-1.08118, 8.0175], [-1.04587, 8.03028], [-1.03483, 8.0254], [-1.02985, 8.01703], [-1.01647, 8.01762], [-1.01944, 8.03211], [-1.03464, 8.04633], [-1.0337, 8.05477], [-1.04814, 8.06254], [-1.04875, 8.06697], [-1.04101, 8.07947], [-1.0433, 8.09394], [-1.06874, 8.12925], [-1.0405, 8.16603], [-1.04317, 8.20441], [-1.03971, 8.24311], [-1.03376, 8.24534], [-1.02194, 8.26082], [-1.01919, 8.26119], [-1.01023, 8.24795], [-0.98995, 8.24566], [-0.98748, 8.23542], [-0.97898, 8.22729], [-0.96773, 8.2331], [-0.96576, 8.24673], [-0.95909, 8.25111], [-0.94867, 8.24652], [-0.93944, 8.25137], [-0.92366, 8.252], [-0.90675, 8.25751], [-0.90481, 8.25515], [-0.86198, 8.27243], [-0.85261, 8.31565], [-0.85959, 8.32243], [-0.85785, 8.32859], [-0.80145, 8.33968], [-0.77986, 8.33559], [-0.74077, 8.33559], [-0.63948, 8.26951], [-0.54247, 8.18769], [-0.50302, 8.18092], [-0.48746, 8.1721], [-0.44439, 8.15756], [-0.41897, 8.15287], [-0.38471, 8.15282], [-0.31934, 8.13048], [-0.29489, 8.11738], [-0.24885, 8.07708], [-0.2406, 8.04965], [-0.21468, 8.03098], [-0.17319, 8.0247], [-0.15293, 8.03138], [-0.14155, 8.01791], [-0.14417, 8.0055], [-0.17018, 7.96987], [-0.17384, 7.95746], [-0.14115, 7.95843], [-0.13495, 7.94859], [-0.13652, 7.9398], [-0.14172, 7.93515], [-0.14542, 7.9031], [-0.13624, 7.82498], [-0.12646, 7.78824]]]}}, {"type": "Feature", "properties": {"shapeID": "69750345B26994269439887", "shapeName": "Savannah Region"}, "geometry": {"type": "Polygon", "coordinates": [[[-0.41897, 8.15287], [-0.44439, 8.15756], [-0.48746, 8.1721], [-0.50302, 8.18092], [-0.54247, 8.18769], [-0.63948, 8.26951], [-0.74077, 8.33559], [-0.77986, 8.33559], [-0.80145, 8.33968], [-0.82712, 8.33559], [-0.85785, 8.32859], [-0.85959, 8.32243], [-0.85261, 8.31565], [-0.86198, 8.27243], [-0.87831, 8.26382], [-0.90481, 8.25515], [-0.90675, 8.25751], [-0.92366, 8.252], [-0.93944, 8.25137], [-0.94867, 8.24652], [-0.95909, 8.25111], [-0.96576, 8.24673], [-0.96773, 8.2331], [-0.97898, 8.22729], [-0.98748, 8.23542], [-0.98995, 8.24566], [-1.01023, 8.24795], [-1.01919, 8.26119], [-1.03376, 8.24534], [-1.03971, 8.24311], [-1.04317, 8.20441], [-1.0405, 8.16603], [-1.06874, 8.12925], [-1.0433, 8.09394], [-1.04101, 8.07947], [-1.04875, 8.06697], [-1.04814, 8.06254], [-1.0337, 8.05477], [-1.03464, 8.04633], [-1.01944, 8.03211], [-1.01647, 8.01762], [-1.02985, 8.01703], [-1.03483, 8.0254], [-1.04587, 8.03028], [-1.08118, 8.0175], [-1.09504, 7.99821], [-1.10674, 7.99257], [-1.11235, 7.99564], [-1.12031, 7.99323], [-1.12579, 7.9976], [-1.13161, 7.99514], [-1.13573, 7.99831], [-1.15774, 7.99939], [-1.1625, 8.01485], [-1.15895, 8.02304], [-1.15927, 8.03441], [-1.16605, 8.06038], [-1.16542, 8.06981], [-1.15655, 8.08866], [-1.22949, 8.20488], [-1.23713, 8.22375], [-1.26647, 8.25734], [-1.26866, 8.2769], [-1.27519, 8.28528], [-1.27587, 8.30432], [-1.28033, 8.3089], [-1.27492, 8.31142], [-1.27775, 8.32344], [-1.27332, 8.33482], [-1.26569, 8.34026], [-1.26186, 8.35144], [-1.25859, 8.35259], [-1.25686, 8.35929], [-1.26206, 8.36833], [-1.26018, 8.37239], [-1.25545, 8.37273], [-1.25274, 8.37929], [-1.25762, 8.39209], [-1.25585, 8.40296], [-1.26002, 8.40747], [-1.25627, 8.41005], [-1.2581, 8.41384], [-1.2537, 8.42409], [-1.26302, 8.43453], [-1.25745, 8.44921], [-1.25855, 8.4549], [-1.24537, 8.46409], [-1.24281, 8.46734], [-1.24476, 8.47019], [-1.23182, 8.47051], [-1.22943, 8.47705], [-1.22145, 8.47744], [-1.22106, 8.48882], [-1.2183, 8.49127], [-1.19457, 8.49409], [-1.19188, 8.50219], [-1.19594, 8.51155], [-1.18252, 8.51063], [-1.17934, 8.51789], [-1.17439, 8.51692], [-1.17359, 8.50762], [-1.16871, 8.50836], [-1.16368, 8.5151], [-1.165, 8.52321], [-1.1723, 8.52861], [-1.17219, 8.53494], [-1.1625, 8.53661], [-1.14563, 8.55127], [-1.14202, 8.58221], [-1.15152, 8.64054], [-1.13272, 8.68092], [-1.17537, 8.683], [-1.18712, 8.67918], [-1.19764, 8.67082], [-1.21159, 8.66919], [-1.26216, 8.69085], [-1.2873, 8.72049], [-1.30939, 8.72273], [-1.35408, 8.75857], [-1.37555, 8.76785], [-1.41049, 8.77484], [-1.43879, 8.76763], [-1.47459, 8.7655], [-1.48472, 8.76003], [-1.49961, 8.73918], [-1.50961, 8.69205], [-1.52775, 8.68143], [-1.55456, 8.67479], [-1.61185, 8.67616], [-1.62855, 8.67979], [-1.64665, 8.69247], [-1.65673, 8.6953], [-1.67931, 8.68315], [-1.6831, 8.67324], [-1.68247, 8.65864], [-1.69305, 8.64304], [-1.737, 8.62662], [-1.75526, 8.63061], [-1.78856, 8.65268], [-1.81658, 8.66262], [-1.8376, 8.66211], [-1.85492, 8.65433], [-1.87087, 8.63632], [-1.88888, 8.58775], [-1.8967, 8.5329], [-1.88273, 8.4744], [-1.89206, 8.45531], [-1.90311, 8.44719], [-1.9093, 8.43747], [-1.90766, 8.39707], [-1.88295, 8.34742], [-1.86923, 8.33307], [-1.84852, 8.32963], [-1.81776, 8.33957], [-1.79471, 8.33867], [-1.76984, 8.32305], [-1.76653, 8.31074], [-1.7467, 8.27686], [-1.74844, 8.25852], [-1.77042, 8.23274], [-1.79198, 8.22473], [-1.80175, 8.22602], [-1.81368, 8.23642], [-1.84218, 8.25153], [-1.86823, 8.25856], [-1.89587, 8.26101], [-1.90688, 8.24709], [-1.91403, 8.22754], [-1.93213, 8.20978], [-1.93273, 8.20109], [-1.9434, 8.18399], [-1.96123, 8.16868], [-1.9776, 8.1661], [-2.00683, 8.15463], [-2.03109, 8.1547], [-2.04251, 8.14831], [-2.06482, 8.14639], [-2.08095, 8.15318], [-2.10596, 8.15798], [-2.11822, 8.15762], [-2.12465, 8.14839], [-2.13613, 8.15303], [-2.13863, 8.16115], [-2.16165, 8.17427], [-2.16712, 8.21153], [-2.17605, 8.21893], [-2.19182, 8.2226], [-2.21204, 8.24142], [-2.20813, 8.24467], [-2.20676, 8.25398], [-2.21052, 8.25986], [-2.22547, 8.26376], [-2.23963, 8.28199], [-2.28395, 8.29524], [-2.28568, 8.31919], [-2.28834, 8.32439], [-2.29332, 8.3248], [-2.29691, 8.34418], [-2.30443, 8.35483], [-2.30061, 8.36437], [-2.30726, 8.37079], [-2.30524, 8.38566], [-2.30882, 8.39382], [-2.31658, 8.39706], [-2.32068, 8.40516], [-2.31953, 8.41018], [-2.3237, 8.41232], [-2.34204, 8.44183], [-2.3469, 8.45626], [-2.35316, 8.46076], [-2.35588, 8.46894], [-2.36663, 8.47583], [-2.37053, 8.50636], [-2.35832, 8.51964], [-2.37026, 8.54696], [-2.38029, 8.55648], [-2.40927, 8.56679], [-2.41424, 8.57435], [-2.41866, 8.59529], [-2.41429, 8.60927], [-2.41684, 8.62316], [-2.43057, 8.63468], [-2.4315, 8.64087], [-2.44223, 8.64511], [-2.44626, 8.64274], [-2.4643, 8.65283], [-2.48685, 8.6847], [-2.48884, 8.69886], [-2.49788, 8.718], [-2.51199, 8.73052], [-2.52409, 8.73291], [-2.53526, 8.74029], [-2.54286, 8.762], [-2.56929, 8.77274], [-2.58425, 8.78658], [-2.60347, 8.78766], [-2.61395, 8.78239], [-2.63032, 8.79426], [-2.62285, 8.80773], [-2.59923, 8.8219], [-2.59681, 8.82797], [-2.59966, 8.83829], [-2.60798, 8.8481], [-2.62323, 8.87831], [-2.61711, 8.90717], [-2.61806, 8.92173], [-2.6434, 8.9347], [-2.6519, 8.94471], [-2.65834, 8.98368], [-2.65447, 9.00792], [-2.67014, 9.02301], [-2.69084, 9.02379], [-2.72208, 9.03266], [-2.72888, 9.03005], [-2.74804, 9.03212], [-2.76186, 9.03755], [-2.76649, 9.04573], [-2.7726, 9.04739], [-2.78018, 9.06316], [-2.76869, 9.07565], [-2.76083, 9.0906], [-2.7651, 9.12196], [-2.77295, 9.13494], [-2.77278, 9.14336], [-2.76054, 9.1516], [-2.74668, 9.15236], [-2.73502, 9.15829], [-2.72569, 9.17007], [-2.71414, 9.20644], [-2.69636, 9.21921], [-2.69347, 9.22562], [-2.66419, 9.24006], [-2.65706, 9.25725], [-2.66852, 9.27308], [-2.6858, 9.28757], [-2.69325, 9.28427], [-2.70958, 9.28992], [-2.71676, 9.2988], [-2.72115, 9.31352], [-2.72057, 9.33318], [-2.70272, 9.34026], [-2.69185, 9.35374], [-2.68344, 9.35886], [-2.67747, 9.36754], [-2.67348, 9.38789], [-2.67694, 9.40685], [-2.68871, 9.43333], [-2.68994, 9.45389], [-2.68501, 9.47211], [-2.68487, 9.48818], [-2.69355, 9.50362], [-2.71246, 9.52282], [-2.73185, 9.52975], [-2.74525, 9.54484], [-2.7551, 9.54949], [-2.77091, 9.57517], [-2.77182, 9.60008], [-2.76332, 9.60864], [-2.76286, 9.61686], [-2.74741, 9.63405], [-2.7456, 9.64129], [-2.75006, 9.64842], [-2.59541, 9.67113], [-2.57387, 9.71299], [-2.54186, 9.7142], [-2.51232, 9.76697], [-2.45447, 9.78092], [-2.39047, 9.78031], [-2.27599, 9.80882], [-2.20953, 9.80336], [-2.15598, 9.74574], [-2.07782, 9.69054], [-1.98981, 9.73482], [-1.96212, 9.72512], [-1.9295, 9.67841], [-1.9135, 9.63594], [-1.88273, 9.63594], [-1.8298, 9.66203], [-1.72948, 9.68872], [-1.69256, 9.71723], [-1.67963, 9.74028], [-1.67225, 9.78759], [-1.68517, 9.82519], [-1.6944, 9.87006], [-1.67532, 9.88643], [-1.67225, 9.92645], [-1.68456, 9.96949], [-1.66671, 10.00828], [-1.61316, 10.0107], [-1.61316, 10.03373], [-1.62609, 10.05858], [-1.55347, 10.05252], [-1.51716, 10.07615], [-1.4502, 10.08245], [-1.33759, 10.06081], [-1.29639, 10.03512], [-1.27442, 10.01619], [-1.23184, 10.01754], [-1.22223, 9.98643], [-1.17691, 9.97426], [-1.12198, 9.94045], [-1.10001, 9.9161], [-1.14121, 9.93098], [-1.17554, 9.92692], [-1.17142, 9.88498], [-1.15494, 9.85116], [-1.16593, 9.78485], [-1.19614, 9.78215], [-1.24283, 9.81462], [-1.26618, 9.78485], [-1.29913, 9.80245], [-1.33209, 9.78485], [-1.33896, 9.77132], [-1.34171, 9.69688], [-1.31149, 9.66168], [-1.31699, 9.62783], [-1.3678, 9.59534], [-1.32523, 9.54388], [-1.27579, 9.49376], [-1.25656, 9.44229], [-1.23184, 9.39623], [-1.25656, 9.32306], [-1.23734, 9.28782], [-1.22086, 9.27427], [-1.19888, 9.30002], [-1.16181, 9.31357], [-1.11511, 9.31222], [-1.08765, 9.30002], [-1.05057, 9.32848], [-1.02036, 9.33254], [-0.99976, 9.32035], [-1.0025, 9.30408], [-0.96405, 9.31899], [-0.94757, 9.29324], [-0.93577, 9.29399], [-0.93374, 9.29854], [-0.92638, 9.29636], [-0.88513, 9.31043], [-0.87973, 9.29997], [-0.86987, 9.3064], [-0.8597, 9.30647], [-0.84916, 9.3043], [-0.84841, 9.29674], [-0.84244, 9.29969], [-0.83282, 9.29735], [-0.82286, 9.31162], [-0.80591, 9.31895], [-0.79549, 9.30897], [-0.77487, 9.30291], [-0.76444, 9.29604], [-0.70846, 9.28716], [-0.69403, 9.27825], [-0.69736, 9.28505], [-0.7105, 9.29015], [-0.71435, 9.29593], [-0.71158, 9.306], [-0.71778, 9.31368], [-0.71452, 9.32629], [-0.68906, 9.31018], [-0.6841, 9.32552], [-0.65417, 9.31525], [-0.63512, 9.31883], [-0.63268, 9.31571], [-0.63644, 9.31043], [-0.62704, 9.30705], [-0.61725, 9.31258], [-0.61015, 9.31139], [-0.60457, 9.32303], [-0.59863, 9.3239], [-0.59443, 9.32877], [-0.58012, 9.3165], [-0.5663, 9.28828], [-0.5531, 9.28451], [-0.5442, 9.27531], [-0.53511, 9.27467], [-0.51952, 9.28225], [-0.51102, 9.27406], [-0.51189, 9.26518], [-0.50709, 9.25864], [-0.48964, 9.24954], [-0.48371, 9.25056], [-0.46931, 9.24255], [-0.4631, 9.24295], [-0.45243, 9.23573], [-0.43591, 9.231], [-0.42633, 9.22275], [-0.41964, 9.22252], [-0.39216, 9.2356], [-0.37807, 9.22806], [-0.35866, 9.22349], [-0.34038, 9.21124], [-0.324, 9.20933], [-0.31732, 9.19728], [-0.30935, 9.19346], [-0.30809, 9.18111], [-0.29458, 9.17668], [-0.29027, 9.15492], [-0.28657, 9.15492], [-0.28476, 9.15023], [-0.28715, 9.1483], [-0.28191, 9.14536], [-0.28206, 9.13783], [-0.27, 9.12962], [-0.26104, 9.13005], [-0.25847, 9.12641], [-0.25012, 9.12931], [-0.24733, 9.12308], [-0.2415, 9.12253], [-0.23719, 9.11791], [-0.23103, 9.12341], [-0.2236, 9.12127], [-0.21826, 9.10856], [-0.21037, 9.11095], [-0.20264, 9.10892], [-0.20779, 9.10296], [-0.20604, 9.09562], [-0.20936, 9.09412], [-0.21029, 9.08612], [-0.20809, 9.08249], [-0.21303, 9.07898], [-0.20397, 9.06288], [-0.21306, 9.05152], [-0.21188, 9.04569], [-0.21842, 9.03285], [-0.21733, 9.02955], [-0.20883, 9.02724], [-0.20938, 9.01247], [-0.21239, 9.012], [-0.20401, 9.00473], [-0.20605, 8.99861], [-0.20284, 8.99847], [-0.19548, 8.97521], [-0.20128, 8.94677], [-0.21318, 8.94604], [-0.22202, 8.9358], [-0.23364, 8.93634], [-0.23426, 8.94083], [-0.2421, 8.93087], [-0.24064, 8.92194], [-0.23751, 8.92031], [-0.24863, 8.91748], [-0.24388, 8.90862], [-0.25591, 8.90092], [-0.27279, 8.90346], [-0.27437, 8.89974], [-0.28099, 8.9013], [-0.27954, 8.89607], [-0.28794, 8.89249], [-0.29106, 8.8855], [-0.29522, 8.88879], [-0.30203, 8.88572], [-0.30203, 8.87749], [-0.29509, 8.86575], [-0.30004, 8.865], [-0.29968, 8.86086], [-0.31394, 8.8588], [-0.32609, 8.8631], [-0.33049, 8.85898], [-0.33315, 8.86642], [-0.33879, 8.86739], [-0.3441, 8.86223], [-0.33888, 8.86106], [-0.34466, 8.85553], [-0.34289, 8.84642], [-0.33837, 8.84533], [-0.33434, 8.83701], [-0.32268, 8.83418], [-0.32111, 8.81932], [-0.31662, 8.81628], [-0.308, 8.82051], [-0.29938, 8.81932], [-0.29536, 8.81077], [-0.29948, 8.80912], [-0.29716, 8.80593], [-0.30324, 8.79486], [-0.30656, 8.79564], [-0.30465, 8.78712], [-0.30584, 8.78416], [-0.30946, 8.78564], [-0.30775, 8.76998], [-0.31443, 8.76509], [-0.31455, 8.75078], [-0.32945, 8.74216], [-0.33967, 8.75592], [-0.34385, 8.75496], [-0.34584, 8.75848], [-0.35375, 8.75444], [-0.35864, 8.74815], [-0.37286, 8.74329], [-0.37341, 8.7402], [-0.36593, 8.73487], [-0.36884, 8.72259], [-0.38379, 8.72408], [-0.38102, 8.71141], [-0.38742, 8.70882], [-0.38684, 8.71146], [-0.39659, 8.71304], [-0.40573, 8.70711], [-0.40758, 8.71554], [-0.4124, 8.70818], [-0.41424, 8.71862], [-0.40837, 8.73182], [-0.41317, 8.73405], [-0.43166, 8.7284], [-0.43096, 8.71652], [-0.44811, 8.72952], [-0.45622, 8.72096], [-0.47129, 8.73396], [-0.47565, 8.73377], [-0.48609, 8.72654], [-0.49023, 8.70439], [-0.48489, 8.70159], [-0.48512, 8.68254], [-0.4759, 8.68313], [-0.46995, 8.67182], [-0.45983, 8.675], [-0.45962, 8.67857], [-0.45371, 8.67562], [-0.4471, 8.66245], [-0.44055, 8.66414], [-0.43946, 8.65948], [-0.43274, 8.65887], [-0.43631, 8.64995], [-0.43485, 8.64429], [-0.43046, 8.64329], [-0.42334, 8.65006], [-0.41779, 8.64601], [-0.41924, 8.63908], [-0.41251, 8.62596], [-0.41359, 8.61664], [-0.41721, 8.61383], [-0.41513, 8.60783], [-0.4124, 8.61015], [-0.4092, 8.60725], [-0.41107, 8.59904], [-0.40749, 8.59783], [-0.40241, 8.60448], [-0.39847, 8.59641], [-0.39617, 8.59796], [-0.39627, 8.59308], [-0.39102, 8.5954], [-0.38297, 8.59232], [-0.37941, 8.5928], [-0.37804, 8.59804], [-0.3734, 8.59808], [-0.37149, 8.58701], [-0.36235, 8.59885], [-0.35764, 8.599], [-0.3578, 8.59026], [-0.36367, 8.58151], [-0.35606, 8.57126], [-0.34397, 8.56863], [-0.34965, 8.55998], [-0.33661, 8.53933], [-0.33549, 8.53118], [-0.33369, 8.53383], [-0.3233, 8.53184], [-0.31777, 8.5359], [-0.31214, 8.52761], [-0.31072, 8.53913], [-0.30577, 8.53894], [-0.30468, 8.53507], [-0.29983, 8.54581], [-0.2934, 8.54737], [-0.29857, 8.54362], [-0.29542, 8.54159], [-0.28831, 8.54475], [-0.27791, 8.55772], [-0.26906, 8.55097], [-0.26983, 8.54233], [-0.26559, 8.54693], [-0.26067, 8.54627], [-0.25736, 8.55557], [-0.23764, 8.55967], [-0.23422, 8.57172], [-0.229, 8.5671], [-0.2224, 8.57], [-0.22109, 8.56164], [-0.21459, 8.5526], [-0.19667, 8.5524], [-0.19734, 8.5473], [-0.20618, 8.53868], [-0.20634, 8.52567], [-0.19956, 8.52209], [-0.20453, 8.49721], [-0.20824, 8.49468], [-0.19507, 8.48334], [-0.1999, 8.48173], [-0.21071, 8.48635], [-0.21303, 8.46819], [-0.21936, 8.47503], [-0.24286, 8.47272], [-0.23349, 8.45747], [-0.21892, 8.45552], [-0.22604, 8.42786], [-0.24913, 8.38089], [-0.25289, 8.35228], [-0.2585, 8.34949], [-0.27316, 8.35325], [-0.29983, 8.35338], [-0.30684, 8.35818], [-0.3267, 8.33977], [-0.30823, 8.32062], [-0.27559, 8.31969], [-0.26667, 8.3267], [-0.26193, 8.33675], [-0.24761, 8.33378], [-0.23731, 8.34289], [-0.23253, 8.33956], [-0.21692, 8.33878], [-0.20986, 8.35047], [-0.19602, 8.34758], [-0.18695, 8.35709], [-0.18432, 8.33698], [-0.16426, 8.3119], [-0.15879, 8.29585], [-0.14497, 8.28621], [-0.14275, 8.27213], [-0.16962, 8.25325], [-0.16553, 8.23843], [-0.16865, 8.23142], [-0.1772, 8.22786], [-0.18205, 8.23233], [-0.18852, 8.23179], [-0.19759, 8.22454], [-0.19861, 8.21935], [-0.21895, 8.21797], [-0.22431, 8.21289], [-0.23266, 8.21301], [-0.23786, 8.21791], [-0.25946, 8.21632], [-0.27477, 8.22956], [-0.2807, 8.24559], [-0.29188, 8.24279], [-0.31931, 8.22681], [-0.36949, 8.2309], [-0.38752, 8.22411], [-0.39078, 8.2109], [-0.38969, 8.19874], [-0.38494, 8.19504], [-0.36855, 8.2011], [-0.34865, 8.2017], [-0.35863, 8.18572], [-0.35158, 8.1726], [-0.35416, 8.1662], [-0.38471, 8.15282], [-0.41897, 8.15287]]]}}, {"type": "Feature", "properties": {"shapeID": "69750345B94584643914501", "shapeName": "North East Region"}, "geometry": {"type": "Polygon", "coordinates": [[[-1.27442, 10.01619], [-1.29639, 10.03512], [-1.33759, 10.06081], [-1.4502, 10.08245], [-1.51716, 10.07615], [-1.5547, 10.1016], [-1.61255, 10.15067], [-1.63778, 10.17672], [-1.59285, 10.28695], [-1.52208, 10.39109], [-1.45746, 10.43588], [-1.43822, 10.46962], [-1.42727, 10.46356], [-1.41731, 10.46761], [-1.40316, 10.48534], [-1.39201, 10.47412], [-1.37466, 10.46458], [-1.37361, 10.45867], [-1.38042, 10.45597], [-1.36281, 10.43506], [-1.36604, 10.42809], [-1.37356, 10.42607], [-1.36377, 10.42198], [-1.36791, 10.41145], [-1.37542, 10.40521], [-1.38528, 10.4052], [-1.38159, 10.38992], [-1.37509, 10.38215], [-1.36596, 10.37721], [-1.3535, 10.37665], [-1.3489, 10.37202], [-1.34366, 10.36105], [-1.34584, 10.35532], [-1.34333, 10.35134], [-1.34894, 10.3475], [-1.3407, 10.34287], [-1.33651, 10.34789], [-1.32658, 10.34133], [-1.32312, 10.33434], [-1.32666, 10.33156], [-1.29704, 10.32379], [-1.28979, 10.32613], [-1.28554, 10.32148], [-1.27237, 10.32101], [-1.27337, 10.32678], [-1.26881, 10.32555], [-1.27147, 10.31299], [-1.26446, 10.31067], [-1.25937, 10.30218], [-1.25581, 10.30303], [-1.25431, 10.29472], [-1.25817, 10.29274], [-1.25568, 10.28183], [-1.2526, 10.28038], [-1.25391, 10.27718], [-1.24893, 10.27828], [-1.24754, 10.27447], [-1.24295, 10.27641], [-1.24718, 10.28086], [-1.24172, 10.28067], [-1.24148, 10.27681], [-1.23979, 10.27869], [-1.23971, 10.28601], [-1.23209, 10.2836], [-1.22759, 10.28668], [-1.23225, 10.29197], [-1.22193, 10.29487], [-1.22402, 10.30261], [-1.21616, 10.30399], [-1.20891, 10.32835], [-1.21311, 10.34554], [-1.23141, 10.36724], [-1.23401, 10.37775], [-1.22614, 10.39118], [-1.18262, 10.40599], [-1.1327, 10.45785], [-1.1055, 10.47788], [-1.07183, 10.48845], [-1.065, 10.49703], [-1.05557, 10.49749], [-1.04133, 10.52015], [-1.00998, 10.5374], [-0.98057, 10.53175], [-0.96596, 10.53638], [-0.95901, 10.52822], [-0.94776, 10.53245], [-0.92965, 10.52397], [-0.91346, 10.52741], [-0.90911, 10.51856], [-0.92091, 10.50028], [-0.93515, 10.48623], [-0.93146, 10.47997], [-0.92244, 10.482], [-0.89857, 10.51265], [-0.87946, 10.52197], [-0.87687, 10.53472], [-0.86846, 10.53399], [-0.863, 10.54045], [-0.86254, 10.54788], [-0.85632, 10.5506], [-0.84672, 10.56225], [-0.83766, 10.60115], [-0.82746, 10.59928], [-0.81792, 10.6031], [-0.79658, 10.62008], [-0.79672, 10.64523], [-0.79143, 10.6517], [-0.77755, 10.65204], [-0.76489, 10.64251], [-0.75482, 10.6398], [-0.74784, 10.64547], [-0.72686, 10.65172], [-0.71174, 10.64047], [-0.70636, 10.62072], [-0.70882, 10.61688], [-0.71786, 10.61578], [-0.7184, 10.60537], [-0.71346, 10.59919], [-0.69507, 10.58969], [-0.68611, 10.56705], [-0.7169, 10.53288], [-0.71073, 10.52379], [-0.70569, 10.52287], [-0.70217, 10.52515], [-0.70133, 10.53398], [-0.69004, 10.54215], [-0.68699, 10.54008], [-0.68695, 10.53074], [-0.67421, 10.52453], [-0.66422, 10.53022], [-0.65402, 10.54824], [-0.63946, 10.55565], [-0.62941, 10.55245], [-0.61847, 10.55564], [-0.60823, 10.55363], [-0.59525, 10.54628], [-0.58165, 10.54811], [-0.5666, 10.56597], [-0.55615, 10.57182], [-0.54858, 10.57073], [-0.52821, 10.55851], [-0.51615, 10.55992], [-0.5077, 10.5673], [-0.50791, 10.58965], [-0.50455, 10.60074], [-0.50703, 10.60678], [-0.49883, 10.6232], [-0.46795, 10.61755], [-0.46036, 10.60659], [-0.44356, 10.59907], [-0.39421, 10.60821], [-0.36684, 10.6241], [-0.35559, 10.6247], [-0.34681, 10.61823], [-0.33801, 10.61951], [-0.33092, 10.62541], [-0.33015, 10.62301], [-0.32376, 10.6255], [-0.32099, 10.62151], [-0.31052, 10.62294], [-0.30003, 10.63344], [-0.29692, 10.63205], [-0.29021, 10.63673], [-0.285, 10.63408], [-0.2822, 10.63933], [-0.27063, 10.63805], [-0.26954, 10.63429], [-0.26051, 10.63149], [-0.25785, 10.63838], [-0.2361, 10.64812], [-0.22988, 10.65576], [-0.20357, 10.65766], [-0.18669, 10.66873], [-0.18154, 10.67047], [-0.17701, 10.66758], [-0.17468, 10.67203], [-0.16368, 10.67062], [-0.16136, 10.67548], [-0.16041, 10.6715], [-0.15406, 10.67146], [-0.14153, 10.68174], [-0.12245, 10.68564], [-0.11036, 10.69586], [-0.10905, 10.70132], [-0.08905, 10.71354], [-0.09016, 10.70831], [-0.07826, 10.69027], [-0.05925, 10.63233], [-0.01569, 10.6236], [-0.01181, 10.61574], [0.04129, 10.60144], [0.04287, 10.59441], [0.05612, 10.58351], [0.061, 10.56082], [0.11722, 10.54142], [0.12763, 10.52975], [0.14344, 10.52555], [0.14697, 10.50123], [0.15122, 10.49719], [0.15062, 10.48718], [0.15481, 10.4846], [0.15414, 10.47771], [0.15887, 10.47518], [0.15426, 10.46508], [0.16168, 10.46056], [0.16402, 10.45387], [0.17263, 10.45065], [0.17287, 10.44632], [0.16666, 10.44151], [0.17115, 10.43365], [0.16911, 10.43034], [0.17485, 10.42449], [0.18201, 10.42372], [0.18532, 10.41714], [0.19093, 10.41674], [0.19036, 10.40432], [0.19406, 10.40294], [0.20482, 10.40762], [0.20941, 10.40548], [0.20513, 10.41826], [0.21202, 10.41686], [0.2103, 10.42158], [0.2177, 10.42692], [0.22118, 10.42488], [0.21747, 10.42273], [0.22635, 10.42236], [0.23656, 10.41248], [0.23769, 10.41619], [0.24383, 10.41601], [0.24943, 10.41372], [0.25095, 10.40925], [0.25926, 10.40759], [0.26847, 10.41021], [0.26644, 10.41607], [0.2703, 10.41555], [0.27272, 10.42103], [0.27664, 10.41928], [0.28448, 10.42246], [0.29015, 10.40899], [0.2982, 10.40988], [0.30042, 10.4025], [0.30079, 10.39177], [0.29041, 10.38185], [0.29334, 10.38042], [0.29032, 10.37641], [0.30079, 10.37317], [0.30238, 10.36948], [0.30749, 10.3715], [0.31448, 10.35958], [0.31559, 10.33797], [0.32064, 10.33409], [0.32538, 10.34045], [0.33264, 10.3374], [0.33837, 10.32515], [0.32302, 10.3195], [0.32202, 10.31268], [0.31622, 10.31059], [0.32476, 10.30676], [0.32889, 10.31172], [0.33053, 10.30825], [0.33207, 10.31149], [0.3484, 10.30768], [0.35331, 10.31425], [0.36577, 10.31075], [0.38903, 10.3157], [0.39672, 10.31292], [0.3973, 10.30453], [0.38837, 10.30402], [0.38273, 10.29907], [0.38469, 10.29681], [0.37877, 10.29461], [0.37815, 10.28632], [0.37319, 10.28839], [0.37328, 10.28271], [0.36952, 10.28484], [0.37302, 10.27999], [0.38198, 10.27694], [0.38175, 10.27321], [0.37233, 10.26567], [0.36446, 10.26456], [0.36159, 10.25811], [0.36051, 10.21902], [0.35538, 10.21173], [0.35685, 10.19759], [0.35124, 10.19243], [0.35477, 10.18289], [0.35068, 10.16832], [0.36233, 10.14721], [0.3636, 10.13797], [0.35239, 10.11116], [0.35308, 10.09868], [0.35633, 10.09102], [0.36466, 10.0856], [0.39585, 10.08098], [0.41285, 10.06665], [0.41775, 10.0576], [0.41023, 10.02095], [0.40144, 10.01957], [0.39354, 10.02543], [0.37378, 10.02638], [0.36533, 10.03422], [0.36104, 10.03061], [0.36467, 10.01559], [0.3616, 10.00112], [0.35758, 9.99712], [0.35867, 9.98888], [0.36944, 9.96405], [0.38726, 9.94944], [0.38606, 9.93629], [0.36652, 9.93149], [0.298, 9.95803], [0.27328, 9.9418], [0.2417, 9.94045], [0.20325, 9.95803], [0.16342, 9.96344], [0.13595, 9.94856], [0.0824, 9.95533], [0.07141, 9.97561], [0.10849, 9.98643], [0.12909, 10.00266], [0.13321, 10.03106], [0.11947, 10.10408], [0.07141, 10.16086], [0.0769, 10.18654], [0.09476, 10.196], [0.09888, 10.22844], [0.08926, 10.26222], [0.06729, 10.2852], [0.05356, 10.32168], [-0.00549, 10.30817], [-0.02197, 10.29465], [-0.01785, 10.25952], [-0.05219, 10.27439], [-0.07828, 10.25412], [-0.11536, 10.27168], [-0.16068, 10.26357], [-0.19638, 10.25141], [-0.2211, 10.26222], [-0.28702, 10.26357], [-0.30625, 10.26898], [-0.33783, 10.25276], [-0.3653, 10.25547], [-0.37354, 10.27709], [-0.44907, 10.28114], [-0.47791, 10.30681], [-0.49988, 10.2933], [-0.49164, 10.26628], [-0.49027, 10.23655], [-0.49851, 10.21628], [-0.52872, 10.2379], [-0.53558, 10.20276], [-0.5452, 10.17978], [-0.59189, 10.13653], [-0.61088, 10.16411], [-0.62532, 10.16579], [-0.62417, 10.17269], [-0.63243, 10.17692], [-0.63397, 10.18383], [-0.63842, 10.18339], [-0.63967, 10.17724], [-0.6442, 10.17741], [-0.646, 10.18268], [-0.64144, 10.1881], [-0.6445, 10.19025], [-0.65351, 10.18096], [-0.65376, 10.1924], [-0.65952, 10.1903], [-0.66709, 10.18001], [-0.6758, 10.18279], [-0.68062, 10.18074], [-0.68364, 10.19002], [-0.6885, 10.18235], [-0.69352, 10.18874], [-0.69927, 10.1805], [-0.70826, 10.17742], [-0.7122, 10.18435], [-0.71868, 10.17817], [-0.71245, 10.17487], [-0.71558, 10.17184], [-0.71195, 10.16292], [-0.72081, 10.16856], [-0.73163, 10.17031], [-0.737, 10.16778], [-0.73158, 10.16251], [-0.73308, 10.15985], [-0.74503, 10.16702], [-0.75018, 10.15922], [-0.7591, 10.16032], [-0.76416, 10.16505], [-0.76734, 10.15828], [-0.77457, 10.15371], [-0.78064, 10.15595], [-0.78031, 10.14514], [-0.78328, 10.14178], [-0.78659, 10.15156], [-0.79497, 10.1454], [-0.80138, 10.15642], [-0.80501, 10.15436], [-0.81769, 10.1256], [-0.82183, 10.125], [-0.82048, 10.11804], [-0.83701, 10.12141], [-0.83724, 10.13192], [-0.85509, 10.12756], [-0.84851, 10.1156], [-0.85608, 10.11203], [-0.85964, 10.10756], [-0.85801, 10.10325], [-0.86799, 10.09574], [-0.85827, 10.08627], [-0.86958, 10.07554], [-0.86744, 10.06302], [-0.86351, 10.06102], [-0.86455, 10.056], [-0.87127, 10.05449], [-0.88186, 10.05981], [-0.88126, 10.04874], [-0.88871, 10.05193], [-0.89069, 10.04809], [-0.88605, 10.03564], [-0.89529, 10.03298], [-0.89498, 10.01905], [-0.90435, 10.02425], [-0.90965, 10.02355], [-0.91199, 10.01196], [-0.9064, 10.0121], [-0.91254, 10.00895], [-0.91911, 10.01303], [-0.92142, 10.00029], [-0.93235, 10.01069], [-0.93798, 10.01112], [-0.94035, 10.00819], [-0.93862, 10.00221], [-0.94249, 9.99847], [-0.93997, 9.98983], [-0.95347, 9.99265], [-0.96293, 9.9896], [-0.97266, 9.96436], [-0.97002, 9.95696], [-0.98081, 9.96257], [-0.98419, 9.9611], [-0.98491, 9.94995], [-0.9812, 9.94409], [-0.99256, 9.94319], [-0.99135, 9.95312], [-1.00059, 9.96017], [-1.00325, 9.96634], [-0.99994, 9.97513], [-0.98771, 9.98444], [-0.99205, 9.99045], [-0.98791, 9.99744], [-0.98884, 10.00221], [-1.00339, 10.01001], [-1.00179, 10.0166], [-1.01334, 10.02608], [-1.01463, 10.03994], [-1.02726, 10.06189], [-1.024, 10.07564], [-1.01151, 10.07763], [-1.01389, 10.09327], [-1.01988, 10.09996], [-1.03112, 10.09695], [-1.06848, 10.10449], [-1.07002, 10.10872], [-1.06144, 10.11412], [-1.06367, 10.1219], [-1.08788, 10.12173], [-1.09363, 10.1348], [-1.08794, 10.15024], [-1.08125, 10.15568], [-1.06529, 10.15446], [-1.0849, 10.16897], [-1.11511, 10.1514], [-1.11237, 10.1149], [-1.1261, 10.10002], [-1.17279, 10.08786], [-1.20987, 10.06217], [-1.23184, 10.01754], [-1.27442, 10.01619]]]}}, {"type": "Feature", "properties": {"shapeID": "69750345B12045161590865", "shapeName": "Oti Region"}, "geometry": {"type": "Polygon", "coordinates": [[[0.18256, 7.19326], [0.21498, 7.31005], [0.20835, 7.35093], [0.19856, 7.36802], [0.1789, 7.381], [0.17269, 7.3805], [0.15044, 7.3909], [0.09095, 7.42932], [0.08323, 7.44848], [0.07709, 7.48211], [0.04303, 7.53908], [0.00943, 7.57847], [-0.0143, 7.62611], [-0.01685, 7.64835], [-0.01521, 7.68403], [0.0025, 7.71761], [0.00411, 7.74243], [-0.01452, 7.75696], [-0.07729, 7.74727], [-0.1001, 7.75042], [-0.11096, 7.76027], [-0.12646, 7.78824], [-0.13624, 7.82498], [-0.14542, 7.9031], [-0.14172, 7.93515], [-0.13652, 7.9398], [-0.13495, 7.94859], [-0.14115, 7.95843], [-0.17384, 7.95746], [-0.17018, 7.96987], [-0.14417, 8.0055], [-0.14155, 8.01791], [-0.15293, 8.03138], [-0.17319, 8.0247], [-0.21468, 8.03098], [-0.2406, 8.04965], [-0.24885, 8.07708], [-0.29489, 8.11738], [-0.31934, 8.13048], [-0.38471, 8.15282], [-0.35416, 8.1662], [-0.35158, 8.1726], [-0.35863, 8.18572], [-0.34865, 8.2017], [-0.36855, 8.2011], [-0.38494, 8.19504], [-0.38969, 8.19874], [-0.39078, 8.2109], [-0.38752, 8.22411], [-0.36949, 8.2309], [-0.31931, 8.22681], [-0.29188, 8.24279], [-0.2807, 8.24559], [-0.27477, 8.22956], [-0.25946, 8.21632], [-0.23786, 8.21791], [-0.23266, 8.21301], [-0.22431, 8.21289], [-0.21895, 8.21797], [-0.19861, 8.21935], [-0.19759, 8.22454], [-0.18852, 8.23179], [-0.18205, 8.23233], [-0.1772, 8.22786], [-0.16865, 8.23142], [-0.16553, 8.23843], [-0.16962, 8.25325], [-0.15035, 8.2651], [-0.14573, 8.27235], [-0.12422, 8.27304], [-0.11413, 8.29734], [-0.11028, 8.33596], [-0.08742, 8.33248], [-0.08434, 8.33737], [-0.06773, 8.33989], [-0.06758, 8.34846], [-0.05852, 8.35249], [-0.04035, 8.34968], [-0.04085, 8.33986], [-0.03675, 8.33324], [-0.03061, 8.32975], [-0.02237, 8.33045], [-0.01634, 8.32487], [-0.0026, 8.32058], [0.01056, 8.29768], [0.02742, 8.2974], [0.04276, 8.29115], [0.05013, 8.29168], [0.06008, 8.28207], [0.07887, 8.28177], [0.08194, 8.27306], [0.09118, 8.26658], [0.10186, 8.24721], [0.10329, 8.23734], [0.1106, 8.23156], [0.16866, 8.24071], [0.18655, 8.24946], [0.19269, 8.25927], [0.1984, 8.29427], [0.19402, 8.30696], [0.18415, 8.31911], [0.18329, 8.33002], [0.18891, 8.33762], [0.22968, 8.34299], [0.23957, 8.34945], [0.24814, 8.36378], [0.24983, 8.37422], [0.25045, 8.38719], [0.24556, 8.39851], [0.23155, 8.40575], [0.16175, 8.39844], [0.12934, 8.37977], [0.1186, 8.38042], [0.10469, 8.39061], [0.08562, 8.39329], [0.08502, 8.40129], [0.0969, 8.4397], [0.08921, 8.4501], [0.07829, 8.45728], [0.07931, 8.4611], [0.09318, 8.46871], [0.12086, 8.47143], [0.12298, 8.4744], [0.12367, 8.4869], [0.12088, 8.49069], [0.09376, 8.50122], [0.08471, 8.52878], [0.1066, 8.58716], [0.11496, 8.5972], [0.12898, 8.60425], [0.14637, 8.58874], [0.16047, 8.59009], [0.17213, 8.59545], [0.17125, 8.61444], [0.15213, 8.62566], [0.14212, 8.63614], [0.1367, 8.65252], [0.13967, 8.66875], [0.169, 8.7012], [0.18002, 8.7076], [0.18241, 8.71483], [0.18161, 8.72408], [0.16835, 8.74997], [0.1658, 8.77305], [0.16947, 8.77531], [0.17559, 8.77012], [0.17073, 8.77105], [0.17006, 8.7658], [0.18137, 8.76181], [0.18056, 8.74603], [0.18514, 8.74104], [0.18541, 8.74549], [0.20023, 8.74399], [0.20133, 8.74886], [0.21272, 8.75498], [0.22121, 8.74958], [0.23182, 8.7535], [0.23889, 8.75111], [0.2437, 8.74097], [0.25131, 8.7461], [0.25934, 8.74662], [0.26298, 8.74098], [0.26988, 8.73984], [0.27042, 8.73058], [0.28236, 8.72397], [0.28671, 8.7332], [0.29205, 8.7329], [0.29267, 8.7412], [0.29751, 8.74257], [0.30083, 8.72607], [0.31432, 8.73454], [0.32418, 8.7283], [0.34213, 8.72901], [0.34369, 8.71868], [0.35879, 8.71852], [0.35958, 8.72526], [0.34595, 8.73853], [0.34751, 8.74268], [0.37197, 8.73574], [0.38267, 8.73954], [0.47147, 8.5995], [0.46956, 8.59565], [0.48006, 8.59376], [0.48, 8.59792], [0.49208, 8.5971], [0.49575, 8.59244], [0.49433, 8.58556], [0.50152, 8.579], [0.49973, 8.57345], [0.50518, 8.56971], [0.50995, 8.57188], [0.51181, 8.56357], [0.5238, 8.56396], [0.53184, 8.56953], [0.53582, 8.55775], [0.55367, 8.55336], [0.55144, 8.54896], [0.56365, 8.54564], [0.56473, 8.53868], [0.57118, 8.53335], [0.57122, 8.52418], [0.57385, 8.52782], [0.58031, 8.52374], [0.58318, 8.52652], [0.5905, 8.51635], [0.60177, 8.51834], [0.62475, 8.51127], [0.63021, 8.50787], [0.62622, 8.50301], [0.62925, 8.49637], [0.63975, 8.49789], [0.64495, 8.49442], [0.6474, 8.48966], [0.64479, 8.47576], [0.65603, 8.45569], [0.65166, 8.44843], [0.65427, 8.42878], [0.65166, 8.42244], [0.67167, 8.41781], [0.67914, 8.41004], [0.68609, 8.41158], [0.68884, 8.40567], [0.69649, 8.40474], [0.69347, 8.39528], [0.70555, 8.39481], [0.69907, 8.38868], [0.70974, 8.38509], [0.70773, 8.3841], [0.71161, 8.37927], [0.70823, 8.37734], [0.71255, 8.37681], [0.70789, 8.37171], [0.71177, 8.36656], [0.71049, 8.35159], [0.72054, 8.34941], [0.71793, 8.34328], [0.72903, 8.34297], [0.72743, 8.33497], [0.73061, 8.32429], [0.72796, 8.3222], [0.73148, 8.31461], [0.73113, 8.28665], [0.71076, 8.28906], [0.68803, 8.28076], [0.6837, 8.27689], [0.68185, 8.26534], [0.67435, 8.25946], [0.63844, 8.2603], [0.63825, 8.24585], [0.62455, 8.23734], [0.62622, 8.22485], [0.61957, 8.2199], [0.61929, 8.2158], [0.60163, 8.21406], [0.58861, 8.20247], [0.59003, 8.19479], [0.59954, 8.18614], [0.61394, 8.18503], [0.6122, 8.17531], [0.60704, 8.17264], [0.61029, 8.16371], [0.60981, 8.14513], [0.60618, 8.13925], [0.59157, 8.13807], [0.59253, 8.10334], [0.58613, 8.10334], [0.58463, 8.09347], [0.59264, 8.06134], [0.59736, 8.06131], [0.59877, 8.0567], [0.59742, 8.04429], [0.59391, 8.0404], [0.60242, 8.02201], [0.59738, 8.01425], [0.59849, 8.00843], [0.60796, 7.99673], [0.60797, 7.9914], [0.59737, 7.98995], [0.59661, 7.987], [0.60321, 7.96253], [0.60658, 7.96086], [0.60544, 7.95675], [0.61388, 7.94447], [0.61112, 7.94093], [0.61489, 7.92695], [0.61765, 7.9262], [0.62388, 7.88468], [0.62133, 7.88331], [0.62168, 7.87452], [0.62745, 7.86747], [0.62421, 7.84346], [0.62, 7.84149], [0.61851, 7.83011], [0.61698, 7.80577], [0.62199, 7.79929], [0.6172, 7.79637], [0.62962, 7.79315], [0.6268, 7.78864], [0.63007, 7.78439], [0.63108, 7.76777], [0.61909, 7.76437], [0.61903, 7.7569], [0.61306, 7.75729], [0.6114, 7.75387], [0.61696, 7.74543], [0.61623, 7.73865], [0.62711, 7.70428], [0.61927, 7.70329], [0.60917, 7.71089], [0.59036, 7.70311], [0.58328, 7.67063], [0.58604, 7.62208], [0.56081, 7.61361], [0.55305, 7.6067], [0.5439, 7.60843], [0.51805, 7.59219], [0.52466, 7.58891], [0.52521, 7.58142], [0.51871, 7.51112], [0.52397, 7.50293], [0.5232, 7.49367], [0.5293, 7.4866], [0.52622, 7.48288], [0.53006, 7.48082], [0.52047, 7.47287], [0.52353, 7.46374], [0.51954, 7.46008], [0.5224, 7.4587], [0.52098, 7.45474], [0.5258, 7.45832], [0.53228, 7.45712], [0.5342, 7.45031], [0.53068, 7.44862], [0.53441, 7.4472], [0.53186, 7.44375], [0.53817, 7.43127], [0.53574, 7.42633], [0.53861, 7.42216], [0.54361, 7.42181], [0.55319, 7.40536], [0.56869, 7.39221], [0.59887, 7.4003], [0.60212, 7.40497], [0.61853, 7.41282], [0.62531, 7.41034], [0.62913, 7.39972], [0.6337, 7.40375], [0.64413, 7.40116], [0.64331, 7.39197], [0.64915, 7.37913], [0.64334, 7.37679], [0.64111, 7.37137], [0.64869, 7.35696], [0.65827, 7.31731], [0.65001, 7.30496], [0.652, 7.29247], [0.64763, 7.29411], [0.64489, 7.29041], [0.64334, 7.26306], [0.60631, 7.26652], [0.58356, 7.27811], [0.58077, 7.28862], [0.57409, 7.28782], [0.57708, 7.28414], [0.57325, 7.28109], [0.57167, 7.26762], [0.56284, 7.26825], [0.56091, 7.2597], [0.54903, 7.2465], [0.54861, 7.23895], [0.54399, 7.23858], [0.5409, 7.23322], [0.5427, 7.22515], [0.53566, 7.22008], [0.51932, 7.22052], [0.52119, 7.23472], [0.51708, 7.23973], [0.53355, 7.24738], [0.53343, 7.25443], [0.53696, 7.25637], [0.54167, 7.27149], [0.54049, 7.29557], [0.53477, 7.29992], [0.53479, 7.30479], [0.52715, 7.30309], [0.52252, 7.29769], [0.50505, 7.30095], [0.49141, 7.29019], [0.48368, 7.29316], [0.46516, 7.28973], [0.44855, 7.29778], [0.45201, 7.2849], [0.44539, 7.28162], [0.44834, 7.27715], [0.44095, 7.27745], [0.43533, 7.2846], [0.42709, 7.28093], [0.39159, 7.22663], [0.37119, 7.15428], [0.35746, 7.1317], [0.3502, 7.12659], [0.33856, 7.13063], [0.33976, 7.1159], [0.32808, 7.0974], [0.32849, 7.08925], [0.31579, 7.09598], [0.22447, 7.0994], [0.24264, 7.12704], [0.24251, 7.14858], [0.23524, 7.16706], [0.2162, 7.17403], [0.18233, 7.1797], [0.18256, 7.19326]]]}}, {"type": "Feature", "properties": {"shapeID": "69750345B38025690459934", "shapeName": "Western Region"}, "geometry": {"type": "Polygon", "coordinates": [[[-2.67792, 5.34395], [-2.64084, 5.35762], [-2.61063, 5.39727], [-2.5763, 5.47383], [-2.5763, 5.50527], [-2.59003, 5.51894], [-2.55844, 5.52988], [-2.5557, 5.58592], [-2.56256, 5.62145], [-2.54334, 5.64195], [-2.54608, 5.68842], [-2.5708, 5.71438], [-2.57218, 5.74991], [-2.56119, 5.79226], [-2.53372, 5.77314], [-2.4939, 5.76357], [-2.47193, 5.81276], [-2.49802, 5.81959], [-2.50214, 5.84008], [-2.50489, 5.88107], [-2.48841, 5.93024], [-2.53784, 5.9521], [-2.51862, 6.02585], [-2.4939, 6.07501], [-2.46094, 6.10232], [-2.41425, 6.08594], [-2.38609, 6.08252], [-2.34833, 6.0914], [-2.30439, 6.08594], [-2.26044, 6.08594], [-2.23023, 6.1351], [-2.1592, 6.1292], [-2.08904, 6.09913], [-2.06726, 6.08409], [-2.04851, 6.0456], [-1.985, 6.01312], [-1.95899, 5.98244], [-1.91968, 5.92349], [-1.86585, 5.89822], [-1.83742, 5.87596], [-1.835, 5.84828], [-1.83984, 5.82963], [-1.84045, 5.79593], [-1.81686, 5.78871], [-1.80416, 5.77306], [-1.8223, 5.74478], [-1.82593, 5.69723], [-1.84045, 5.67677], [-1.83924, 5.61658], [-1.81807, 5.60755], [-1.79145, 5.61237], [-1.77028, 5.622], [-1.74549, 5.6226], [-1.72008, 5.60996], [-1.66141, 5.60635], [-1.64024, 5.58708], [-1.60698, 5.55157], [-1.60795, 5.53303], [-1.61533, 5.52122], [-1.61832, 5.50025], [-1.61079, 5.46333], [-1.60224, 5.45609], [-1.60224, 5.44928], [-1.61592, 5.44524], [-1.60383, 5.43072], [-1.56814, 5.40964], [-1.53427, 5.33016], [-1.44838, 5.28258], [-1.43931, 5.24885], [-1.47439, 5.22897], [-1.49133, 5.20307], [-1.51008, 5.19645], [-1.54455, 5.19344], [-1.5754, 5.16211], [-1.58689, 5.12657], [-1.59423, 5.03169], [-1.612, 5.02698], [-1.62563, 5.01851], [-1.63389, 4.99843], [-1.63133, 4.99179], [-1.63594, 4.98694], [-1.63508, 4.98149], [-1.64186, 4.97821], [-1.64439, 4.97149], [-1.6873, 4.96396], [-1.69887, 4.95844], [-1.70479, 4.95381], [-1.70399, 4.94638], [-1.70802, 4.94505], [-1.70632, 4.94181], [-1.70886, 4.93981], [-1.70771, 4.93809], [-1.70531, 4.94094], [-1.69754, 4.93937], [-1.70459, 4.94045], [-1.70412, 4.93391], [-1.73737, 4.92217], [-1.74355, 4.91419], [-1.74279, 4.9062], [-1.74776, 4.89672], [-1.74688, 4.894], [-1.74597, 4.89495], [-1.73695, 4.89732], [-1.74448, 4.8948], [-1.74368, 4.8918], [-1.73775, 4.89319], [-1.73774, 4.89035], [-1.74408, 4.89041], [-1.73587, 4.88581], [-1.74724, 4.88782], [-1.74448, 4.88118], [-1.75984, 4.87596], [-1.77733, 4.87614], [-1.79417, 4.872], [-1.80544, 4.87419], [-1.81224, 4.86742], [-1.8304, 4.8622], [-1.83818, 4.84879], [-1.87048, 4.84374], [-1.88455, 4.83571], [-1.89019, 4.8269], [-1.90493, 4.82757], [-1.91576, 4.82431], [-1.91555, 4.815], [-1.93748, 4.80655], [-1.93988, 4.79549], [-1.94878, 4.79331], [-1.94749, 4.78818], [-1.97185, 4.77015], [-1.97387, 4.7597], [-1.98063, 4.75628], [-1.99174, 4.75957], [-2.0269, 4.75786], [-2.03587, 4.75183], [-2.03603, 4.75641], [-2.04566, 4.7533], [-2.05413, 4.74494], [-2.05441, 4.74023], [-2.05681, 4.74453], [-2.06438, 4.74699], [-2.06824, 4.74338], [-2.07154, 4.74831], [-2.0791, 4.74879], [-2.08575, 4.74668], [-2.09182, 4.73934], [-2.09091, 4.74507], [-2.09427, 4.74971], [-2.11144, 4.7551], [-2.10925, 4.76357], [-2.11341, 4.76438], [-2.10489, 4.77639], [-2.11349, 4.78548], [-2.15419, 4.7982], [-2.16672, 4.79669], [-2.16947, 4.79177], [-2.16824, 4.79935], [-2.17216, 4.80408], [-2.16931, 4.80688], [-2.17458, 4.81318], [-2.20235, 4.82202], [-2.2025, 4.83139], [-2.20946, 4.83881], [-2.24621, 4.85527], [-2.2412, 4.86078], [-2.24942, 4.88319], [-2.26922, 4.89125], [-2.26848, 4.89832], [-2.33377, 4.9262], [-2.38229, 4.94188], [-2.45528, 4.95935], [-3.10361, 5.09047], [-3.11051, 5.11848], [-3.10831, 5.12475], [-3.06852, 5.13446], [-3.0397, 5.12584], [-3.01111, 5.12278], [-2.97, 5.10333], [-2.95699, 5.10423], [-2.94867, 5.12693], [-2.93605, 5.1264], [-2.92829, 5.12121], [-2.89619, 5.12294], [-2.89193, 5.11937], [-2.89057, 5.12684], [-2.8846, 5.12377], [-2.8762, 5.12803], [-2.86925, 5.12306], [-2.86325, 5.12334], [-2.85319, 5.11168], [-2.84419, 5.10792], [-2.83798, 5.10988], [-2.84077, 5.11509], [-2.83656, 5.11554], [-2.83325, 5.12199], [-2.82804, 5.12065], [-2.81733, 5.10576], [-2.81402, 5.10757], [-2.81674, 5.11159], [-2.81455, 5.11342], [-2.81169, 5.10661], [-2.80753, 5.10669], [-2.80619, 5.11187], [-2.80127, 5.10766], [-2.79085, 5.10673], [-2.78556, 5.11763], [-2.78552, 5.10968], [-2.78071, 5.11268], [-2.76584, 5.10988], [-2.76489, 5.10481], [-2.75701, 5.10164], [-2.75404, 5.11735], [-2.74178, 5.11432], [-2.73729, 5.11899], [-2.73957, 5.12639], [-2.73712, 5.12958], [-2.73184, 5.12867], [-2.73236, 5.13493], [-2.72791, 5.13112], [-2.72777, 5.13722], [-2.72353, 5.14093], [-2.72708, 5.14052], [-2.73046, 5.1518], [-2.73374, 5.14897], [-2.73886, 5.15052], [-2.74183, 5.15725], [-2.7356, 5.16279], [-2.74026, 5.16146], [-2.74552, 5.16633], [-2.74083, 5.17606], [-2.7493, 5.19513], [-2.74768, 5.2021], [-2.75675, 5.20075], [-2.76424, 5.21696], [-2.75677, 5.21822], [-2.7607, 5.23118], [-2.75544, 5.23332], [-2.76562, 5.23694], [-2.76222, 5.24598], [-2.75444, 5.24224], [-2.76037, 5.25083], [-2.75506, 5.24648], [-2.75318, 5.25069], [-2.75684, 5.25566], [-2.76439, 5.25507], [-2.76541, 5.25983], [-2.77345, 5.2594], [-2.77586, 5.26592], [-2.7789, 5.26392], [-2.77855, 5.2668], [-2.76905, 5.2682], [-2.78276, 5.27871], [-2.78523, 5.28988], [-2.78078, 5.29527], [-2.76951, 5.29471], [-2.76684, 5.30444], [-2.7662, 5.31709], [-2.77218, 5.32986], [-2.77778, 5.33109], [-2.77442, 5.33638], [-2.77071, 5.33529], [-2.77692, 5.34586], [-2.76961, 5.35235], [-2.76928, 5.35657], [-2.76421, 5.35642], [-2.75662, 5.34403], [-2.7383, 5.34771], [-2.7259, 5.34127], [-2.67792, 5.34395]]]}}, {"type": "Feature", "properties": {"shapeID": "69750345B54645730941985", "shapeName": "Eastern Region"}, "geometry": {"type": "Polygon", "coordinates": [[[-0.14357, 7.18016], [-0.09929, 7.1799], [-0.09413, 7.18314], [-0.08407, 7.17929], [-0.06155, 7.18814], [-0.05271, 7.19645], [-0.02751, 7.19136], [-0.00418, 7.19109], [0.0044, 7.19404], [0.0111, 7.18626], [0.02129, 7.18305], [0.02906, 7.18546], [0.04086, 7.1809], [0.05051, 7.17206], [0.0674, 7.17366], [0.08107, 7.18171], [0.09788, 7.17772], [0.12323, 7.18388], [0.18233, 7.1797], [0.16393, 7.10328], [0.15461, 7.0419], [0.15793, 7.00892], [0.16884, 6.97645], [0.16931, 6.94822], [0.18022, 6.86063], [0.20014, 6.80083], [0.2082, 6.76506], [0.21104, 6.72885], [0.20158, 6.69879], [0.11625, 6.63099], [0.08585, 6.58618], [0.07493, 6.55834], [0.07493, 6.53092], [0.09771, 6.50121], [0.12093, 6.44942], [0.12422, 6.42324], [0.09705, 6.35357], [0.0842, 6.33261], [0.06287, 6.30964], [0.05869, 6.29874], [0.06395, 6.29405], [0.06163, 6.28021], [0.08694, 6.26739], [0.09801, 6.23293], [0.10612, 6.22972], [0.10544, 6.21691], [0.08573, 6.17725], [0.0769, 6.169], [0.07774, 6.15699], [0.08476, 6.14827], [0.13824, 6.10969], [0.17549, 6.09383], [0.18296, 6.09255], [0.23603, 6.10545], [0.26276, 6.10488], [0.27125, 6.10063], [0.28315, 6.09053], [0.29427, 6.0614], [0.29527, 6.02928], [0.2897, 6.00598], [0.28715, 6.00257], [0.27709, 6.00802], [0.26873, 6.02376], [0.25216, 6.03282], [0.22961, 6.03504], [0.18796, 6.02495], [0.17826, 6.02881], [0.16423, 6.02495], [0.08764, 5.98382], [0.05226, 5.98071], [0.05107, 5.94299], [0.03076, 5.93171], [-0.0073, 5.89726], [-0.05269, 5.8735], [-0.09081, 5.8372], [-0.13774, 5.84637], [-0.15626, 5.81631], [-0.21856, 5.78331], [-0.25596, 5.76908], [-0.27162, 5.76892], [-0.31241, 5.78408], [-0.31971, 5.78234], [-0.33433, 5.75472], [-0.38328, 5.74338], [-0.39175, 5.74527], [-0.40242, 5.75486], [-0.43062, 5.79193], [-0.46159, 5.79004], [-0.4727, 5.78205], [-0.49885, 5.72491], [-0.55394, 5.74873], [-0.64826, 5.74271], [-1.09539, 5.77132], [-1.12147, 5.78281], [-1.13729, 5.81003], [-1.21639, 5.90105], [-1.24531, 5.91637], [-1.24268, 5.93193], [-1.22709, 5.93284], [-1.21894, 5.9423], [-1.22494, 5.94612], [-1.22082, 5.95506], [-1.22472, 5.95756], [-1.21873, 5.96447], [-1.22245, 5.97634], [-1.22882, 5.98297], [-1.2371, 5.97932], [-1.23976, 5.98065], [-1.23859, 5.98444], [-1.24544, 5.9863], [-1.24707, 5.99077], [-1.24123, 5.99601], [-1.24386, 6.00309], [-1.24062, 6.00624], [-1.24194, 6.01028], [-1.2302, 6.01331], [-1.22679, 6.01882], [-1.22991, 6.0196], [-1.23003, 6.02736], [-1.23346, 6.02796], [-1.22875, 6.03364], [-1.23173, 6.0384], [-1.20812, 6.05243], [-1.2121, 6.05864], [-1.21065, 6.06535], [-1.21447, 6.06789], [-1.20619, 6.0714], [-1.2065, 6.07748], [-1.19856, 6.08094], [-1.20464, 6.09126], [-1.20248, 6.09384], [-1.19026, 6.09189], [-1.187, 6.09693], [-1.19166, 6.10192], [-1.18955, 6.10638], [-1.19273, 6.11267], [-1.20105, 6.11251], [-1.2011, 6.10989], [-1.2068, 6.11274], [-1.20561, 6.11621], [-1.19245, 6.12243], [-1.19855, 6.12567], [-1.20222, 6.13337], [-1.19273, 6.13514], [-1.19018, 6.14416], [-1.18477, 6.14267], [-1.18235, 6.14451], [-1.18401, 6.14889], [-1.17896, 6.14814], [-1.18124, 6.15629], [-1.17784, 6.15728], [-1.18578, 6.16848], [-1.18483, 6.17045], [-1.18073, 6.16695], [-1.18248, 6.17298], [-1.17879, 6.17196], [-1.17881, 6.18019], [-1.18955, 6.18508], [-1.18766, 6.19073], [-1.19016, 6.19299], [-1.18631, 6.19379], [-1.19308, 6.19735], [-1.18786, 6.20829], [-1.15154, 6.23602], [-1.14895, 6.26503], [-1.13208, 6.32822], [-1.11197, 6.3482], [-1.0977, 6.38688], [-1.07306, 6.432], [-1.01663, 6.47002], [-1.00625, 6.49451], [-0.98938, 6.50611], [-0.95501, 6.54156], [-0.94009, 6.57764], [-0.90766, 6.59246], [-0.89793, 6.61308], [-0.92063, 6.65431], [-0.94268, 6.66978], [-0.96214, 6.70005], [-0.96344, 6.73226], [-0.93036, 6.76318], [-0.83112, 6.77413], [-0.7922, 6.80118], [-0.77274, 6.82694], [-0.75069, 6.87009], [-0.62124, 7.0528], [-0.46298, 7.06117], [-0.42277, 7.094], [-0.34169, 7.11653], [-0.32612, 7.15064], [-0.2872, 7.18217], [-0.23726, 7.18732], [-0.14357, 7.18016]]]}}, {"type": "Feature", "properties": {"shapeID": "69750345B37738609557703", "shapeName": "Northern Region"}, "geometry": {"type": "Polygon", "coordinates": [[[-0.14497, 8.28621], [-0.15879, 8.29585], [-0.16426, 8.3119], [-0.18432, 8.33698], [-0.18695, 8.35709], [-0.19602, 8.34758], [-0.20986, 8.35047], [-0.21692, 8.33878], [-0.23253, 8.33956], [-0.23731, 8.34289], [-0.24761, 8.33378], [-0.26193, 8.33675], [-0.26667, 8.3267], [-0.27559, 8.31969], [-0.30823, 8.32062], [-0.3267, 8.33977], [-0.30684, 8.35818], [-0.29983, 8.35338], [-0.27316, 8.35325], [-0.2585, 8.34949], [-0.25289, 8.35228], [-0.24913, 8.38089], [-0.22604, 8.42786], [-0.21892, 8.45552], [-0.23349, 8.45747], [-0.24286, 8.47272], [-0.21936, 8.47503], [-0.21303, 8.46819], [-0.21071, 8.48635], [-0.1999, 8.48173], [-0.19507, 8.48334], [-0.20824, 8.49468], [-0.20453, 8.49721], [-0.19956, 8.52209], [-0.20634, 8.52567], [-0.20618, 8.53868], [-0.19734, 8.5473], [-0.19667, 8.5524], [-0.21459, 8.5526], [-0.22109, 8.56164], [-0.2224, 8.57], [-0.229, 8.5671], [-0.23422, 8.57172], [-0.23764, 8.55967], [-0.25736, 8.55557], [-0.26067, 8.54627], [-0.26559, 8.54693], [-0.26983, 8.54233], [-0.26906, 8.55097], [-0.27791, 8.55772], [-0.28831, 8.54475], [-0.29542, 8.54159], [-0.29857, 8.54362], [-0.2934, 8.54737], [-0.29983, 8.54581], [-0.30468, 8.53507], [-0.30577, 8.53894], [-0.31072, 8.53913], [-0.31214, 8.52761], [-0.31777, 8.5359], [-0.3233, 8.53184], [-0.33369, 8.53383], [-0.33549, 8.53118], [-0.33661, 8.53933], [-0.34965, 8.55998], [-0.34397, 8.56863], [-0.35606, 8.57126], [-0.36367, 8.58151], [-0.3578, 8.59026], [-0.35764, 8.599], [-0.36235, 8.59885], [-0.37149, 8.58701], [-0.3734, 8.59808], [-0.37804, 8.59804], [-0.37941, 8.5928], [-0.38297, 8.59232], [-0.39102, 8.5954], [-0.39627, 8.59308], [-0.39617, 8.59796], [-0.39847, 8.59641], [-0.40241, 8.60448], [-0.40749, 8.59783], [-0.41107, 8.59904], [-0.4092, 8.60725], [-0.4124, 8.61015], [-0.41513, 8.60783], [-0.41721, 8.61383], [-0.41359, 8.61664], [-0.41251, 8.62596], [-0.41924, 8.63908], [-0.41779, 8.64601], [-0.42334, 8.65006], [-0.43046, 8.64329], [-0.43485, 8.64429], [-0.43631, 8.64995], [-0.43274, 8.65887], [-0.43946, 8.65948], [-0.44055, 8.66414], [-0.4471, 8.66245], [-0.45371, 8.67562], [-0.45962, 8.67857], [-0.45983, 8.675], [-0.46995, 8.67182], [-0.4759, 8.68313], [-0.48512, 8.68254], [-0.48489, 8.70159], [-0.49023, 8.70439], [-0.48609, 8.72654], [-0.47565, 8.73377], [-0.47129, 8.73396], [-0.45622, 8.72096], [-0.44811, 8.72952], [-0.43096, 8.71652], [-0.43166, 8.7284], [-0.41317, 8.73405], [-0.40837, 8.73182], [-0.41424, 8.71862], [-0.4124, 8.70818], [-0.40758, 8.71554], [-0.40573, 8.70711], [-0.39659, 8.71304], [-0.38684, 8.71146], [-0.38742, 8.70882], [-0.38102, 8.71141], [-0.38379, 8.72408], [-0.36884, 8.72259], [-0.36593, 8.73487], [-0.37341, 8.7402], [-0.37286, 8.74329], [-0.35864, 8.74815], [-0.35375, 8.75444], [-0.34584, 8.75848], [-0.34385, 8.75496], [-0.33967, 8.75592], [-0.32945, 8.74216], [-0.31455, 8.75078], [-0.31443, 8.76509], [-0.30775, 8.76998], [-0.30946, 8.78564], [-0.30584, 8.78416], [-0.30465, 8.78712], [-0.30656, 8.79564], [-0.30324, 8.79486], [-0.29716, 8.80593], [-0.29948, 8.80912], [-0.29536, 8.81077], [-0.29938, 8.81932], [-0.308, 8.82051], [-0.31662, 8.81628], [-0.32111, 8.81932], [-0.32268, 8.83418], [-0.33434, 8.83701], [-0.33837, 8.84533], [-0.34289, 8.84642], [-0.34466, 8.85553], [-0.33888, 8.86106], [-0.3441, 8.86223], [-0.33879, 8.86739], [-0.33315, 8.86642], [-0.33049, 8.85898], [-0.32609, 8.8631], [-0.31394, 8.8588], [-0.29968, 8.86086], [-0.30004, 8.865], [-0.29509, 8.86575], [-0.30203, 8.87749], [-0.30203, 8.88572], [-0.29522, 8.88879], [-0.29106, 8.8855], [-0.28794, 8.89249], [-0.27954, 8.89607], [-0.28099, 8.9013], [-0.27437, 8.89974], [-0.27279, 8.90346], [-0.25591, 8.90092], [-0.24388, 8.90862], [-0.24863, 8.91748], [-0.23751, 8.92031], [-0.24064, 8.92194], [-0.2421, 8.93087], [-0.23426, 8.94083], [-0.23364, 8.93634], [-0.22202, 8.9358], [-0.21318, 8.94604], [-0.20128, 8.94677], [-0.19548, 8.97521], [-0.20284, 8.99847], [-0.20605, 8.99861], [-0.20401, 9.00473], [-0.21239, 9.012], [-0.20938, 9.01247], [-0.20883, 9.02724], [-0.21733, 9.02955], [-0.21842, 9.03285], [-0.21188, 9.04569], [-0.21306, 9.05152], [-0.20397, 9.06288], [-0.21303, 9.07898], [-0.20809, 9.08249], [-0.21029, 9.08612], [-0.20936, 9.09412], [-0.20604, 9.09562], [-0.20779, 9.10296], [-0.20264, 9.10892], [-0.21037, 9.11095], [-0.21826, 9.10856], [-0.2236, 9.12127], [-0.23103, 9.12341], [-0.23719, 9.11791], [-0.2415, 9.12253], [-0.24733, 9.12308], [-0.25012, 9.12931], [-0.25847, 9.12641], [-0.26104, 9.13005], [-0.27, 9.12962], [-0.28206, 9.13783], [-0.28191, 9.14536], [-0.28715, 9.1483], [-0.28476, 9.15023], [-0.28657, 9.15492], [-0.29027, 9.15492], [-0.29458, 9.17668], [-0.30809, 9.18111], [-0.30935, 9.19346], [-0.31732, 9.19728], [-0.324, 9.20933], [-0.34038, 9.21124], [-0.35866, 9.22349], [-0.37807, 9.22806], [-0.39216, 9.2356], [-0.41964, 9.22252], [-0.42633, 9.22275], [-0.43591, 9.231], [-0.45243, 9.23573], [-0.4631, 9.24295], [-0.46931, 9.24255], [-0.48371, 9.25056], [-0.48964, 9.24954], [-0.50709, 9.25864], [-0.51189, 9.26518], [-0.51102, 9.27406], [-0.51952, 9.28225], [-0.53511, 9.27467], [-0.5442, 9.27531], [-0.5531, 9.28451], [-0.5663, 9.28828], [-0.58012, 9.3165], [-0.59443, 9.32877], [-0.59863, 9.3239], [-0.60457, 9.32303], [-0.61015, 9.31139], [-0.61725, 9.31258], [-0.62704, 9.30705], [-0.63644, 9.31043], [-0.63268, 9.31571], [-0.63512, 9.31883], [-0.65417, 9.31525], [-0.6841, 9.32552], [-0.68906, 9.31018], [-0.71452, 9.32629], [-0.71778, 9.31368], [-0.71158, 9.306], [-0.71435, 9.29593], [-0.7105, 9.29015], [-0.69736, 9.28505], [-0.69403, 9.27825], [-0.70846, 9.28716], [-0.76444, 9.29604], [-0.77487, 9.30291], [-0.79549, 9.30897], [-0.80591, 9.31895], [-0.82286, 9.31162], [-0.83282, 9.29735], [-0.84244, 9.29969], [-0.84841, 9.29674], [-0.84916, 9.3043], [-0.8597, 9.30647], [-0.86987, 9.3064], [-0.87973, 9.29997], [-0.88513, 9.31043], [-0.92638, 9.29636], [-0.93374, 9.29854], [-0.93577, 9.29399], [-0.94757, 9.29324], [-0.96405, 9.31899], [-1.0025, 9.30408], [-0.99976, 9.32035], [-1.02036, 9.33254], [-1.05057, 9.32848], [-1.08765, 9.30002], [-1.11511, 9.31222], [-1.16181, 9.31357], [-1.19888, 9.30002], [-1.22086, 9.27427], [-1.23734, 9.28782], [-1.25656, 9.32306], [-1.23184, 9.39623], [-1.25656, 9.44229], [-1.27579, 9.49376], [-1.32523, 9.54388], [-1.3678, 9.59534], [-1.31699, 9.62783], [-1.31149, 9.66168], [-1.34171, 9.69688], [-1.33896, 9.77132], [-1.33209, 9.78485], [-1.29913, 9.80245], [-1.26618, 9.78485], [-1.24283, 9.81462], [-1.19614, 9.78215], [-1.16593, 9.78485], [-1.15494, 9.85116], [-1.17142, 9.88498], [-1.17554, 9.92692], [-1.14121, 9.93098], [-1.10001, 9.9161], [-1.12198, 9.94045], [-1.17691, 9.97426], [-1.22223, 9.98643], [-1.23184, 10.01754], [-1.20987, 10.06217], [-1.17279, 10.08786], [-1.1261, 10.10002], [-1.11237, 10.1149], [-1.11511, 10.1514], [-1.0849, 10.16897], [-1.06529, 10.15446], [-1.08125, 10.15568], [-1.08794, 10.15024], [-1.09363, 10.1348], [-1.08788, 10.12173], [-1.06367, 10.1219], [-1.06144, 10.11412], [-1.07002, 10.10872], [-1.06848, 10.10449], [-1.03112, 10.09695], [-1.01988, 10.09996], [-1.01389, 10.09327], [-1.01151, 10.07763], [-1.024, 10.07564], [-1.02726, 10.06189], [-1.01463, 10.03994], [-1.01334, 10.02608], [-1.00179, 10.0166], [-1.00339, 10.01001], [-0.98884, 10.00221], [-0.98791, 9.99744], [-0.99205, 9.99045], [-0.98771, 9.98444], [-0.99994, 9.97513], [-1.00325, 9.96634], [-1.00059, 9.96017], [-0.99135, 9.95312], [-0.99256, 9.94319], [-0.9812, 9.94409], [-0.98491, 9.94995], [-0.98419, 9.9611], [-0.98081, 9.96257], [-0.97002, 9.95696], [-0.97266, 9.96436], [-0.96293, 9.9896], [-0.95347, 9.99265], [-0.93997, 9.98983], [-0.94249, 9.99847], [-0.93862, 10.00221], [-0.94035, 10.00819], [-0.93798, 10.01112], [-0.93235, 10.01069], [-0.92142, 10.00029], [-0.91911, 10.01303], [-0.91254, 10.00895], [-0.9064, 10.0121], [-0.91199, 10.01196], [-0.90965, 10.02355], [-0.90435, 10.02425], [-0.89498, 10.01905], [-0.89529, 10.03298], [-0.88605, 10.03564], [-0.89069, 10.04809], [-0.88871, 10.05193], [-0.88126, 10.04874], [-0.88186, 10.05981], [-0.87127, 10.05449], [-0.86455, 10.056], [-0.86351, 10.06102], [-0.86744, 10.06302], [-0.86958, 10.07554], [-0.85827, 10.08627], [-0.86799, 10.09574], [-0.85801, 10.10325], [-0.85964, 10.10756], [-0.85608, 10.11203], [-0.84851, 10.1156], [-0.85509, 10.12756], [-0.83724, 10.13192], [-0.83701, 10.12141], [-0.82048, 10.11804], [-0.82183, 10.125], [-0.81769, 10.1256], [-0.80501, 10.15436], [-0.80138, 10.15642], [-0.79497, 10.1454], [-0.78659, 10.15156], [-0.78328, 10.14178], [-0.78031, 10.14514], [-0.78064, 10.15595], [-0.77457, 10.15371], [-0.76734, 10.15828], [-0.76416, 10.16505], [-0.7591, 10.16032], [-0.75018, 10.15922], [-0.74503, 10.16702], [-0.73308, 10.15985], [-0.73158, 10.16251], [-0.737, 10.16778], [-0.73163, 10.17031], [-0.72081, 10.16856], [-0.71195, 10.16292], [-0.71558, 10.17184], [-0.71245, 10.17487], [-0.71868, 10.17817], [-0.7122, 10.18435], [-0.70826, 10.17742], [-0.69927, 10.1805], [-0.69352, 10.18874], [-0.6885, 10.18235], [-0.68364, 10.19002], [-0.68062, 10.18074], [-0.6758, 10.18279], [-0.66709, 10.18001], [-0.65952, 10.1903], [-0.65376, 10.1924], [-0.65351, 10.18096], [-0.6445, 10.19025], [-0.64144, 10.1881], [-0.646, 10.18268], [-0.6442, 10.17741], [-0.63967, 10.17724], [-0.63842, 10.18339], [-0.63397, 10.18383], [-0.63243, 10.17692], [-0.62417, 10.17269], [-0.62532, 10.16579], [-0.61088, 10.16411], [-0.59189, 10.13653], [-0.5452, 10.17978], [-0.53558, 10.20276], [-0.52872, 10.2379], [-0.49851, 10.21628], [-0.49027, 10.23655], [-0.49164, 10.26628], [-0.49988, 10.2933], [-0.47791, 10.30681], [-0.44907, 10.28114], [-0.37354, 10.27709], [-0.3653, 10.25547], [-0.33783, 10.25276], [-0.30625, 10.26898], [-0.28702, 10.26357], [-0.2211, 10.26222], [-0.19638, 10.25141], [-0.16068, 10.26357], [-0.11536, 10.27168], [-0.07828, 10.25412], [-0.05219, 10.27439], [-0.01785, 10.25952], [-0.02197, 10.29465], [-0.00549, 10.30817], [0.05356, 10.32168], [0.06729, 10.2852], [0.08926, 10.26222], [0.09888, 10.22844], [0.09476, 10.196], [0.0769, 10.18654], [0.07141, 10.16086], [0.11947, 10.10408], [0.13321, 10.03106], [0.12909, 10.00266], [0.10849, 9.98643], [0.07141, 9.97561], [0.0824, 9.95533], [0.13595, 9.94856], [0.16342, 9.96344], [0.20325, 9.95803], [0.2417, 9.94045], [0.27328, 9.9418], [0.298, 9.95803], [0.36652, 9.93149], [0.35747, 9.92692], [0.35128, 9.90417], [0.35116, 9.88148], [0.35535, 9.87386], [0.3574, 9.8467], [0.35031, 9.82581], [0.33822, 9.81401], [0.3397, 9.80419], [0.32968, 9.7929], [0.33604, 9.77878], [0.33386, 9.77381], [0.32509, 9.77206], [0.32996, 9.7611], [0.3189, 9.7279], [0.32437, 9.72273], [0.33881, 9.72222], [0.3448, 9.71769], [0.35157, 9.69412], [0.35088, 9.67481], [0.34074, 9.65701], [0.32297, 9.65091], [0.30905, 9.65854], [0.30544, 9.6682], [0.2945, 9.68012], [0.27925, 9.68627], [0.26384, 9.66362], [0.2635, 9.65724], [0.27576, 9.63159], [0.27736, 9.62046], [0.29585, 9.59563], [0.30322, 9.59638], [0.35631, 9.62507], [0.37116, 9.61859], [0.37351, 9.60667], [0.38369, 9.59146], [0.37214, 9.57897], [0.35134, 9.57196], [0.33427, 9.57859], [0.31851, 9.57544], [0.28942, 9.57667], [0.26691, 9.56656], [0.25324, 9.5744], [0.24006, 9.57465], [0.23546, 9.54829], [0.23755, 9.5343], [0.24325, 9.52453], [0.25556, 9.51941], [0.28041, 9.5258], [0.29709, 9.52285], [0.30915, 9.5127], [0.31119, 9.50663], [0.31006, 9.50242], [0.28673, 9.48685], [0.27497, 9.4874], [0.2697, 9.47887], [0.25448, 9.47779], [0.23718, 9.48597], [0.22904, 9.48595], [0.22923, 9.46351], [0.24794, 9.44247], [0.24703, 9.43804], [0.25932, 9.43436], [0.26088, 9.42871], [0.27031, 9.4317], [0.26887, 9.42843], [0.27578, 9.42742], [0.27695, 9.43049], [0.28529, 9.42987], [0.28924, 9.43434], [0.29955, 9.4359], [0.31252, 9.44624], [0.32024, 9.44618], [0.32198, 9.44912], [0.32696, 9.44701], [0.3317, 9.44823], [0.33354, 9.45269], [0.33754, 9.45174], [0.34485, 9.47245], [0.34759, 9.47087], [0.35049, 9.47531], [0.34355, 9.4883], [0.35015, 9.49004], [0.35025, 9.49322], [0.35942, 9.49921], [0.36929, 9.49596], [0.37036, 9.49865], [0.37615, 9.49314], [0.38901, 9.49155], [0.40142, 9.49543], [0.40751, 9.49399], [0.41165, 9.49847], [0.41498, 9.49639], [0.4146, 9.50068], [0.43906, 9.49507], [0.4487, 9.49949], [0.45707, 9.49788], [0.46333, 9.49011], [0.47418, 9.49068], [0.48263, 9.48503], [0.48875, 9.4869], [0.50292, 9.4749], [0.50063, 9.47233], [0.50566, 9.46761], [0.50386, 9.45839], [0.49477, 9.45218], [0.49997, 9.43794], [0.50344, 9.44045], [0.51005, 9.43693], [0.51931, 9.44031], [0.5246, 9.43174], [0.53161, 9.43187], [0.53279, 9.42849], [0.53602, 9.42977], [0.53816, 9.42586], [0.54882, 9.42224], [0.55502, 9.42314], [0.55703, 9.41117], [0.567, 9.40593], [0.55251, 9.35229], [0.54513, 9.34088], [0.55579, 9.31121], [0.55263, 9.30393], [0.53839, 9.30584], [0.52844, 9.28557], [0.51866, 9.27716], [0.50584, 9.25641], [0.5336, 9.20942], [0.52201, 9.19372], [0.51157, 9.16366], [0.50484, 9.16046], [0.50309, 9.15412], [0.49543, 9.15597], [0.47676, 9.14498], [0.48092, 9.1395], [0.48491, 9.12298], [0.48285, 9.11667], [0.4867, 9.10866], [0.48283, 9.09943], [0.47307, 9.09632], [0.46248, 9.07614], [0.4625, 9.05425], [0.45749, 9.05525], [0.45624, 9.04386], [0.45695, 9.03533], [0.46327, 9.03433], [0.46541, 9.02283], [0.4707, 9.01938], [0.46834, 9.0047], [0.4942, 8.95403], [0.50385, 8.95214], [0.50963, 8.94104], [0.51657, 8.93869], [0.50907, 8.91766], [0.51261, 8.91417], [0.51242, 8.90159], [0.51509, 8.90163], [0.52204, 8.88987], [0.52203, 8.88372], [0.52759, 8.87783], [0.52027, 8.87247], [0.51691, 8.86398], [0.52149, 8.8585], [0.51954, 8.85299], [0.50873, 8.85524], [0.50756, 8.84768], [0.496, 8.83974], [0.5014, 8.82887], [0.49682, 8.82716], [0.49536, 8.82047], [0.50039, 8.81449], [0.49132, 8.80036], [0.47202, 8.79947], [0.46905, 8.79178], [0.46376, 8.80054], [0.45904, 8.80217], [0.45967, 8.80973], [0.44821, 8.81136], [0.44256, 8.80162], [0.43034, 8.79757], [0.43064, 8.79075], [0.43749, 8.79437], [0.44112, 8.78801], [0.42777, 8.77914], [0.42355, 8.78108], [0.42401, 8.78959], [0.41798, 8.79234], [0.39978, 8.79397], [0.39797, 8.78956], [0.39246, 8.79663], [0.3902, 8.79049], [0.37949, 8.79237], [0.38204, 8.77767], [0.37817, 8.77199], [0.38824, 8.76228], [0.39909, 8.76138], [0.40091, 8.75715], [0.39583, 8.75386], [0.37398, 8.75494], [0.38524, 8.74513], [0.38267, 8.73954], [0.37533, 8.73581], [0.34751, 8.74268], [0.34595, 8.73853], [0.35958, 8.72526], [0.35879, 8.71852], [0.34369, 8.71868], [0.34213, 8.72901], [0.32418, 8.7283], [0.31432, 8.73454], [0.30083, 8.72607], [0.29751, 8.74257], [0.29267, 8.7412], [0.29205, 8.7329], [0.28671, 8.7332], [0.28236, 8.72397], [0.27042, 8.73058], [0.26988, 8.73984], [0.26298, 8.74098], [0.25934, 8.74662], [0.25131, 8.7461], [0.2437, 8.74097], [0.23889, 8.75111], [0.23182, 8.7535], [0.22121, 8.74958], [0.21547, 8.75569], [0.20133, 8.74886], [0.20023, 8.74399], [0.18541, 8.74549], [0.18514, 8.74104], [0.18056, 8.74603], [0.18137, 8.76181], [0.17006, 8.7658], [0.17073, 8.77105], [0.17559, 8.77012], [0.17305, 8.77361], [0.1658, 8.77305], [0.16835, 8.74997], [0.18161, 8.72408], [0.18241, 8.71483], [0.18002, 8.7076], [0.169, 8.7012], [0.13967, 8.66875], [0.1367, 8.65252], [0.14212, 8.63614], [0.15213, 8.62566], [0.17125, 8.61444], [0.17213, 8.59545], [0.16047, 8.59009], [0.14637, 8.58874], [0.12898, 8.60425], [0.11496, 8.5972], [0.1066, 8.58716], [0.08471, 8.52878], [0.09376, 8.50122], [0.12088, 8.49069], [0.12367, 8.4869], [0.12298, 8.4744], [0.12086, 8.47143], [0.09318, 8.46871], [0.07931, 8.4611], [0.07829, 8.45728], [0.08921, 8.4501], [0.0969, 8.4397], [0.08502, 8.40129], [0.08562, 8.39329], [0.10469, 8.39061], [0.1186, 8.38042], [0.12934, 8.37977], [0.16175, 8.39844], [0.23155, 8.40575], [0.24556, 8.39851], [0.25045, 8.38719], [0.24983, 8.37422], [0.24814, 8.36378], [0.23957, 8.34945], [0.22968, 8.34299], [0.18891, 8.33762], [0.18329, 8.33002], [0.18415, 8.31911], [0.19402, 8.30696], [0.1984, 8.29427], [0.19269, 8.25927], [0.18655, 8.24946], [0.16866, 8.24071], [0.1106, 8.23156], [0.10329, 8.23734], [0.10186, 8.24721], [0.09118, 8.26658], [0.08194, 8.27306], [0.07887, 8.28177], [0.06008, 8.28207], [0.05013, 8.29168], [0.04276, 8.29115], [0.02742, 8.2974], [0.01056, 8.29768], [-0.0026, 8.32058], [-0.01634, 8.32487], [-0.02237, 8.33045], [-0.03061, 8.32975], [-0.03675, 8.33324], [-0.04085, 8.33986], [-0.04035, 8.34968], [-0.04822, 8.35226], [-0.06433, 8.35123], [-0.06758, 8.34846], [-0.06773, 8.33989], [-0.08434, 8.33737], [-0.08742, 8.33248], [-0.11028, 8.33596], [-0.11413, 8.29734], [-0.12422, 8.27304], [-0.14275, 8.27213], [-0.14497, 8.28621]]]}}, {"type": "Feature", "properties": {"shapeID": "69750345B67040307067067", "shapeName": "Central Region"}, "geometry": {"type": "Polygon", "coordinates": [[[-2.17311, 6.15025], [-2.17855, 6.18513], [-2.17674, 6.21519], [-2.1465, 6.23503], [-2.12493, 6.24162], [-2.09257, 6.2644], [-2.07729, 6.28361], [-2.05774, 6.29726], [-2.01584, 6.29884], [-2.00974, 6.29263], [-2.00611, 6.27227], [-2.02336, 6.25502], [-2.02317, 6.24156], [-2.01986, 6.23587], [-2.02123, 6.22434], [-2.0316, 6.21045], [-2.03845, 6.20689], [-2.04032, 6.19794], [-2.0351, 6.18881], [-2.02265, 6.17954], [-2.02111, 6.17023], [-2.0244, 6.16699], [-2.02426, 6.15552], [-2.01948, 6.15242], [-2.02547, 6.14511], [-2.02469, 6.1334], [-2.01941, 6.12813], [-2.01425, 6.1279], [-2.01419, 6.11209], [-2.00626, 6.11127], [-2.00756, 6.11753], [-1.99738, 6.11604], [-1.98984, 6.1248], [-1.97974, 6.11724], [-1.97894, 6.11161], [-1.9862, 6.11424], [-1.98801, 6.10315], [-1.98019, 6.0937], [-1.97499, 6.0922], [-1.97842, 6.08879], [-1.9735, 6.07945], [-1.97396, 6.07127], [-1.97004, 6.06899], [-1.97249, 6.06183], [-1.96858, 6.05277], [-1.96523, 6.05052], [-1.96301, 6.05498], [-1.96532, 6.05737], [-1.96096, 6.05813], [-1.95217, 6.04883], [-1.95313, 6.05603], [-1.9499, 6.05697], [-1.94776, 6.04891], [-1.93432, 6.03667], [-1.92492, 6.03544], [-1.92698, 6.02973], [-1.92109, 6.01562], [-1.91356, 6.01108], [-1.89259, 6.01605], [-1.88484, 6.03142], [-1.87974, 6.03004], [-1.88048, 6.02532], [-1.87298, 6.02043], [-1.87098, 6.01203], [-1.86498, 6.0103], [-1.85044, 6.01455], [-1.85177, 6.0197], [-1.84478, 6.02605], [-1.84328, 6.033], [-1.83388, 6.03551], [-1.82848, 6.03322], [-1.82337, 6.0365], [-1.82372, 6.02854], [-1.82056, 6.02724], [-1.80764, 6.0328], [-1.80128, 6.0261], [-1.81264, 6.01123], [-1.81014, 6.00615], [-1.80313, 5.993], [-1.79718, 6.00009], [-1.79812, 5.99653], [-1.79166, 5.98826], [-1.7752, 5.98143], [-1.77775, 5.97179], [-1.77016, 5.96091], [-1.7642, 5.97006], [-1.75239, 5.96203], [-1.75026, 5.96602], [-1.7396, 5.96975], [-1.73226, 5.96808], [-1.72468, 5.95285], [-1.71492, 5.95716], [-1.70991, 5.95463], [-1.71378, 5.93864], [-1.70746, 5.92917], [-1.70366, 5.92723], [-1.69191, 5.94325], [-1.68916, 5.94056], [-1.69076, 5.93173], [-1.68701, 5.93292], [-1.6787, 5.92383], [-1.67221, 5.92255], [-1.67583, 5.9209], [-1.67018, 5.91497], [-1.6664, 5.92068], [-1.66572, 5.917], [-1.66285, 5.91895], [-1.66169, 5.92397], [-1.64737, 5.92398], [-1.6439, 5.92773], [-1.64556, 5.93141], [-1.63807, 5.93285], [-1.6349, 5.92714], [-1.62805, 5.92901], [-1.62376, 5.92656], [-1.61836, 5.93156], [-1.61822, 5.92655], [-1.61242, 5.92879], [-1.60804, 5.92496], [-1.59902, 5.9286], [-1.59438, 5.92305], [-1.58947, 5.92736], [-1.58842, 5.93378], [-1.58117, 5.92668], [-1.58247, 5.91805], [-1.57166, 5.92511], [-1.57243, 5.93211], [-1.56741, 5.93082], [-1.56668, 5.92541], [-1.56086, 5.92631], [-1.55923, 5.92342], [-1.55532, 5.92804], [-1.54729, 5.92641], [-1.53777, 5.92952], [-1.54584, 5.93434], [-1.5464, 5.93796], [-1.53023, 5.93861], [-1.52599, 5.93412], [-1.53021, 5.93021], [-1.53048, 5.92301], [-1.52526, 5.92093], [-1.52063, 5.92849], [-1.51635, 5.91443], [-1.50058, 5.90659], [-1.49924, 5.90289], [-1.50544, 5.89514], [-1.50073, 5.89534], [-1.49765, 5.89051], [-1.50604, 5.88684], [-1.51107, 5.89164], [-1.51659, 5.88959], [-1.52162, 5.87471], [-1.516, 5.87207], [-1.50049, 5.87681], [-1.5005, 5.8675], [-1.49444, 5.8676], [-1.4871, 5.86182], [-1.48768, 5.86876], [-1.48264, 5.86687], [-1.4776, 5.86281], [-1.476, 5.85482], [-1.46934, 5.86103], [-1.46085, 5.86173], [-1.4584, 5.88705], [-1.46471, 5.89368], [-1.46709, 5.90264], [-1.46474, 5.90491], [-1.46175, 5.90421], [-1.46245, 5.89701], [-1.45546, 5.8927], [-1.45078, 5.90575], [-1.43648, 5.90057], [-1.42789, 5.90989], [-1.41999, 5.90228], [-1.41534, 5.91529], [-1.41826, 5.9207], [-1.40463, 5.92193], [-1.39991, 5.91698], [-1.39434, 5.91959], [-1.38012, 5.91612], [-1.37389, 5.92315], [-1.37841, 5.93097], [-1.37664, 5.93492], [-1.34867, 5.93184], [-1.34734, 5.91897], [-1.33671, 5.92732], [-1.34339, 5.91074], [-1.33517, 5.91682], [-1.32252, 5.91427], [-1.31762, 5.91817], [-1.31791, 5.92357], [-1.30801, 5.9261], [-1.31229, 5.90616], [-1.30433, 5.90086], [-1.30853, 5.88947], [-1.29746, 5.88547], [-1.29192, 5.88735], [-1.28298, 5.89969], [-1.27495, 5.9031], [-1.27056, 5.89409], [-1.26161, 5.8908], [-1.25794, 5.90389], [-1.26241, 5.90543], [-1.26118, 5.91456], [-1.25609, 5.91661], [-1.25539, 5.91024], [-1.25271, 5.91384], [-1.24368, 5.91372], [-1.21639, 5.90105], [-1.13729, 5.81003], [-1.12147, 5.78281], [-1.09539, 5.77132], [-0.64826, 5.74271], [-0.55394, 5.74873], [-0.49885, 5.72491], [-0.49944, 5.71532], [-0.49199, 5.70383], [-0.49637, 5.67679], [-0.49023, 5.66516], [-0.43059, 5.5987], [-0.43611, 5.56388], [-0.43059, 5.55253], [-0.41025, 5.52888], [-0.38796, 5.48213], [-0.40519, 5.47388], [-0.40648, 5.46585], [-0.42058, 5.45224], [-0.46467, 5.43004], [-0.46714, 5.42521], [-0.46304, 5.41848], [-0.48209, 5.40157], [-0.48858, 5.38563], [-0.49804, 5.37866], [-0.60462, 5.35273], [-0.61369, 5.3473], [-0.62157, 5.33258], [-0.6672, 5.32129], [-0.7243, 5.29997], [-0.73112, 5.29228], [-0.72743, 5.28542], [-0.74833, 5.27406], [-0.75633, 5.26455], [-0.7561, 5.25811], [-0.75971, 5.25426], [-0.77567, 5.24788], [-0.78219, 5.23723], [-0.79063, 5.2317], [-0.78988, 5.22654], [-0.80294, 5.22196], [-0.80945, 5.21528], [-0.83722, 5.21009], [-1.08734, 5.19544], [-1.1199, 5.17312], [-1.14809, 5.1647], [-1.16768, 5.14491], [-1.19469, 5.13752], [-1.19936, 5.12789], [-1.20829, 5.12446], [-1.2139, 5.11763], [-1.22947, 5.11278], [-1.24072, 5.10294], [-1.31857, 5.09765], [-1.3462, 5.08999], [-1.34877, 5.08648], [-1.34705, 5.08202], [-1.39356, 5.07056], [-1.43463, 5.06464], [-1.44474, 5.05835], [-1.47077, 5.05637], [-1.50496, 5.04325], [-1.59423, 5.03169], [-1.58689, 5.12657], [-1.5754, 5.16211], [-1.54455, 5.19344], [-1.51008, 5.19645], [-1.49133, 5.20307], [-1.47439, 5.22897], [-1.43931, 5.24885], [-1.44838, 5.28258], [-1.53427, 5.33016], [-1.56814, 5.40964], [-1.60383, 5.43072], [-1.61592, 5.44524], [-1.60224, 5.44928], [-1.60224, 5.45609], [-1.61079, 5.46333], [-1.61832, 5.50025], [-1.61533, 5.52122], [-1.60795, 5.53303], [-1.60698, 5.55157], [-1.66141, 5.60635], [-1.72008, 5.60996], [-1.74549, 5.6226], [-1.77028, 5.622], [-1.79145, 5.61237], [-1.81807, 5.60755], [-1.83924, 5.61658], [-1.84045, 5.67677], [-1.82593, 5.69723], [-1.8223, 5.74478], [-1.80416, 5.77306], [-1.81686, 5.78871], [-1.84045, 5.79593], [-1.83984, 5.82963], [-1.835, 5.84828], [-1.83742, 5.87596], [-1.86585, 5.89822], [-1.91968, 5.92349], [-1.95899, 5.98244], [-1.985, 6.01312], [-2.04851, 6.0456], [-2.06726, 6.08409], [-2.08904, 6.09913], [-2.1592, 6.1292], [-2.17311, 6.15025]]]}}, {"type": "Feature", "properties": {"shapeID": "69750345B3295588325057", "shapeName": "Ashanti Region"}, "geometry": {"type": "Polygon", "coordinates": [[[-2.11639, 6.29031], [-2.12943, 6.30862], [-2.13617, 6.33319], [-2.15549, 6.35419], [-2.19521, 6.35636], [-2.21916, 6.33842], [-2.24088, 6.39036], [-2.2283, 6.4578], [-2.25481, 6.48459], [-2.26919, 6.47387], [-2.3011, 6.49218], [-2.32717, 6.50245], [-2.34425, 6.49576], [-2.36357, 6.42029], [-2.36481, 6.37792], [-2.37561, 6.36655], [-2.40803, 6.34665], [-2.4325, 6.35012], [-2.42346, 6.39658], [-2.42549, 6.40462], [-2.42234, 6.40707], [-2.42942, 6.41701], [-2.43829, 6.42047], [-2.44032, 6.42895], [-2.44848, 6.43173], [-2.43856, 6.44192], [-2.44478, 6.44267], [-2.44208, 6.4584], [-2.43575, 6.46171], [-2.42943, 6.47308], [-2.42336, 6.47269], [-2.42505, 6.48742], [-2.41566, 6.49137], [-2.41538, 6.49582], [-2.40549, 6.50505], [-2.40119, 6.50626], [-2.39699, 6.50308], [-2.39734, 6.52046], [-2.38266, 6.52695], [-2.38306, 6.53462], [-2.37725, 6.53957], [-2.377, 6.54816], [-2.3841, 6.55331], [-2.38587, 6.56851], [-2.40315, 6.58285], [-2.41809, 6.6201], [-2.42206, 6.63816], [-2.42103, 6.68113], [-2.3805, 6.66206], [-2.35086, 6.66757], [-2.33865, 6.69592], [-2.29802, 6.70585], [-2.2838, 6.79552], [-2.24682, 6.81247], [-2.25322, 6.83012], [-2.28095, 6.84212], [-2.38547, 6.83929], [-2.38405, 6.852], [-2.37268, 6.86824], [-2.33286, 6.89436], [-2.28343, 6.97568], [-2.26318, 7.03058], [-2.23047, 7.05669], [-2.20629, 7.05739], [-2.18994, 7.0214], [-2.15936, 7.01223], [-2.11457, 7.03269], [-2.04915, 7.02705], [-2.00934, 7.05033], [-1.92543, 7.13007], [-1.89273, 7.13007], [-1.86713, 7.14347], [-1.86144, 7.19991], [-1.85077, 7.22178], [-1.85788, 7.22742], [-1.93681, 7.24717], [-1.96027, 7.28949], [-1.988, 7.31065], [-2.06195, 7.30924], [-2.08968, 7.34027], [-2.14657, 7.34168], [-2.15296, 7.36495], [-2.13377, 7.41995], [-2.12026, 7.43546], [-2.10746, 7.46437], [-2.02853, 7.4545], [-2.01005, 7.46155], [-1.99298, 7.45732], [-1.95956, 7.46719], [-1.91832, 7.44956], [-1.86642, 7.46366], [-1.83584, 7.46789], [-1.82375, 7.38822], [-1.78109, 7.36425], [-1.75478, 7.33604], [-1.69008, 7.34732], [-1.66448, 7.33392], [-1.63675, 7.33533], [-1.60404, 7.35296], [-1.59622, 7.37553], [-1.5756, 7.39386], [-1.52654, 7.38893], [-1.52299, 7.41572], [-1.52867, 7.48199], [-1.4981, 7.4975], [-1.45117, 7.52993], [-1.39287, 7.61803], [-1.34736, 7.62085], [-1.31678, 7.59055], [-1.30185, 7.4827], [-1.27341, 7.46507], [-1.22577, 7.45732], [-1.19804, 7.46507], [-1.08072, 7.47776], [-1.07044, 7.48921], [-1.06845, 7.50164], [-1.0526, 7.50863], [-1.04531, 7.51558], [-1.04081, 7.52755], [-1.03558, 7.527], [-1.02476, 7.53402], [-1.01797, 7.53224], [-1.01438, 7.53486], [-1.0023, 7.5282], [-0.99211, 7.52937], [-0.9835, 7.53471], [-0.97605, 7.52916], [-0.97707, 7.52592], [-0.97212, 7.51968], [-0.95319, 7.52352], [-0.93587, 7.51409], [-0.93307, 7.5056], [-0.93201, 7.5079], [-0.92522, 7.50377], [-0.90178, 7.50805], [-0.89317, 7.50429], [-0.88994, 7.51658], [-0.88456, 7.51313], [-0.87579, 7.51449], [-0.86677, 7.52071], [-0.86213, 7.5183], [-0.86396, 7.5147], [-0.8558, 7.51876], [-0.84506, 7.51839], [-0.84368, 7.50976], [-0.82835, 7.51226], [-0.82155, 7.5085], [-0.8204, 7.49954], [-0.80844, 7.51101], [-0.80767, 7.5026], [-0.80459, 7.50427], [-0.79576, 7.4989], [-0.78921, 7.50079], [-0.785, 7.4977], [-0.78099, 7.5047], [-0.77351, 7.50388], [-0.76717, 7.50855], [-0.75811, 7.50716], [-0.75105, 7.51063], [-0.74759, 7.5086], [-0.73926, 7.52015], [-0.72634, 7.52284], [-0.72094, 7.51989], [-0.70517, 7.52991], [-0.70108, 7.52878], [-0.68913, 7.54149], [-0.68914, 7.53394], [-0.68359, 7.5249], [-0.67693, 7.52903], [-0.67569, 7.52302], [-0.67101, 7.52274], [-0.6564, 7.50528], [-0.65004, 7.50203], [-0.65152, 7.49561], [-0.64813, 7.48998], [-0.65046, 7.4809], [-0.64788, 7.47707], [-0.65197, 7.4667], [-0.64783, 7.46164], [-0.65144, 7.45609], [-0.65418, 7.43079], [-0.6417, 7.42048], [-0.63906, 7.40235], [-0.62481, 7.38355], [-0.61902, 7.38242], [-0.60817, 7.36184], [-0.60064, 7.35605], [-0.59868, 7.34863], [-0.59304, 7.34741], [-0.57429, 7.35337], [-0.54094, 7.35455], [-0.53396, 7.34784], [-0.50536, 7.34101], [-0.49919, 7.34351], [-0.49707, 7.33935], [-0.49273, 7.34393], [-0.48418, 7.33736], [-0.47941, 7.33826], [-0.47771, 7.33544], [-0.47351, 7.3388], [-0.46067, 7.33117], [-0.45666, 7.33425], [-0.44755, 7.33265], [-0.43113, 7.32328], [-0.42699, 7.32688], [-0.42333, 7.32102], [-0.40856, 7.31827], [-0.39628, 7.31163], [-0.38189, 7.31286], [-0.37728, 7.30912], [-0.36199, 7.31175], [-0.35486, 7.30859], [-0.35677, 7.30158], [-0.35423, 7.29765], [-0.34685, 7.29303], [-0.32987, 7.29094], [-0.33147, 7.28736], [-0.32543, 7.28519], [-0.32444, 7.28109], [-0.31099, 7.2857], [-0.30812, 7.27912], [-0.30224, 7.27773], [-0.29769, 7.28302], [-0.28885, 7.28439], [-0.28813, 7.28053], [-0.27496, 7.27456], [-0.27239, 7.26813], [-0.26167, 7.2667], [-0.26034, 7.24897], [-0.25454, 7.23287], [-0.25665, 7.22833], [-0.25093, 7.22316], [-0.24249, 7.22204], [-0.2437, 7.21191], [-0.23872, 7.20235], [-0.22081, 7.21284], [-0.21725, 7.21105], [-0.21555, 7.1997], [-0.20907, 7.20181], [-0.20046, 7.18439], [-0.23726, 7.18732], [-0.2872, 7.18217], [-0.32612, 7.15064], [-0.34169, 7.11653], [-0.42277, 7.094], [-0.46298, 7.06117], [-0.62124, 7.0528], [-0.75069, 6.87009], [-0.77274, 6.82694], [-0.7922, 6.80118], [-0.83112, 6.77413], [-0.93036, 6.76318], [-0.96344, 6.73226], [-0.96214, 6.70005], [-0.94268, 6.66978], [-0.92063, 6.65431], [-0.89793, 6.61308], [-0.90766, 6.59246], [-0.94009, 6.57764], [-0.95501, 6.54156], [-0.98938, 6.50611], [-1.00625, 6.49451], [-1.01663, 6.47002], [-1.07306, 6.432], [-1.0977, 6.38688], [-1.11197, 6.3482], [-1.13208, 6.32822], [-1.14895, 6.26503], [-1.15154, 6.23602], [-1.18786, 6.20829], [-1.19308, 6.19735], [-1.18631, 6.19379], [-1.19016, 6.19299], [-1.18766, 6.19073], [-1.18955, 6.18508], [-1.17881, 6.18019], [-1.17879, 6.17196], [-1.18248, 6.17298], [-1.18073, 6.16695], [-1.18483, 6.17045], [-1.18578, 6.16848], [-1.17784, 6.15728], [-1.18124, 6.15629], [-1.17896, 6.14814], [-1.18401, 6.14889], [-1.18235, 6.14451], [-1.18477, 6.14267], [-1.19018, 6.14416], [-1.19273, 6.13514], [-1.20222, 6.13337], [-1.19855, 6.12567], [-1.19245, 6.12243], [-1.20561, 6.11621], [-1.2068, 6.11274], [-1.2011, 6.10989], [-1.20105, 6.11251], [-1.19273, 6.11267], [-1.18955, 6.10638], [-1.19166, 6.10192], [-1.187, 6.09693], [-1.19026, 6.09189], [-1.20248, 6.09384], [-1.20464, 6.09126], [-1.19856, 6.08094], [-1.2065, 6.07748], [-1.20619, 6.0714], [-1.21447, 6.06789], [-1.21065, 6.06535], [-1.2121, 6.05864], [-1.20812, 6.05243], [-1.23173, 6.0384], [-1.22875, 6.03364], [-1.23346, 6.02796], [-1.23003, 6.02736], [-1.22991, 6.0196], [-1.22679, 6.01882], [-1.2302, 6.01331], [-1.24194, 6.01028], [-1.24062, 6.00624], [-1.24386, 6.00309], [-1.24123, 5.99601], [-1.24707, 5.99077], [-1.24544, 5.9863], [-1.23859, 5.98444], [-1.23976, 5.98065], [-1.22882, 5.98297], [-1.22245, 5.97634], [-1.21873, 5.96447], [-1.22472, 5.95756], [-1.22082, 5.95506], [-1.22494, 5.94612], [-1.21894, 5.9423], [-1.22709, 5.93284], [-1.24268, 5.93193], [-1.24573, 5.92232], [-1.24368, 5.91372], [-1.25271, 5.91384], [-1.25539, 5.91024], [-1.25609, 5.91661], [-1.26118, 5.91456], [-1.26241, 5.90543], [-1.25794, 5.90389], [-1.26161, 5.8908], [-1.27056, 5.89409], [-1.27495, 5.9031], [-1.28298, 5.89969], [-1.29192, 5.88735], [-1.29746, 5.88547], [-1.30754, 5.88812], [-1.30433, 5.90086], [-1.31229, 5.90616], [-1.30801, 5.9261], [-1.31791, 5.92357], [-1.31762, 5.91817], [-1.32252, 5.91427], [-1.33517, 5.91682], [-1.34339, 5.91074], [-1.33671, 5.92732], [-1.34734, 5.91897], [-1.34867, 5.93184], [-1.37664, 5.93492], [-1.37841, 5.93097], [-1.37389, 5.92315], [-1.38012, 5.91612], [-1.39434, 5.91959], [-1.39991, 5.91698], [-1.40463, 5.92193], [-1.41826, 5.9207], [-1.41534, 5.91529], [-1.41999, 5.90228], [-1.42789, 5.90989], [-1.43648, 5.90057], [-1.45078, 5.90575], [-1.45546, 5.8927], [-1.46245, 5.89701], [-1.46175, 5.90421], [-1.46474, 5.90491], [-1.46709, 5.90264], [-1.46471, 5.89368], [-1.4584, 5.88705], [-1.46085, 5.86173], [-1.46934, 5.86103], [-1.476, 5.85482], [-1.4776, 5.86281], [-1.48264, 5.86687], [-1.48768, 5.86876], [-1.4871, 5.86182], [-1.49444, 5.8676], [-1.5005, 5.8675], [-1.50049, 5.87681], [-1.516, 5.87207], [-1.52162, 5.87471], [-1.51659, 5.88959], [-1.51107, 5.89164], [-1.50604, 5.88684], [-1.49765, 5.89051], [-1.50073, 5.89534], [-1.50544, 5.89514], [-1.49924, 5.90289], [-1.50058, 5.90659], [-1.51635, 5.91443], [-1.52063, 5.92849], [-1.52526, 5.92093], [-1.53048, 5.92301], [-1.53021, 5.93021], [-1.52599, 5.93412], [-1.53023, 5.93861], [-1.5464, 5.93796], [-1.54584, 5.93434], [-1.53777, 5.92952], [-1.54729, 5.92641], [-1.55532, 5.92804], [-1.55923, 5.92342], [-1.56086, 5.92631], [-1.56668, 5.92541], [-1.56741, 5.93082], [-1.57243, 5.93211], [-1.57166, 5.92511], [-1.58247, 5.91805], [-1.58117, 5.92668], [-1.58842, 5.93378], [-1.58947, 5.92736], [-1.59438, 5.92305], [-1.59902, 5.9286], [-1.60804, 5.92496], [-1.61242, 5.92879], [-1.61822, 5.92655], [-1.61836, 5.93156], [-1.62376, 5.92656], [-1.62805, 5.92901], [-1.6349, 5.92714], [-1.63807, 5.93285], [-1.64556, 5.93141], [-1.6439, 5.92773], [-1.64737, 5.92398], [-1.66169, 5.92397], [-1.66285, 5.91895], [-1.66572, 5.917], [-1.6664, 5.92068], [-1.67018, 5.91497], [-1.67583, 5.9209], [-1.67221, 5.92255], [-1.6787, 5.92383], [-1.68701, 5.93292], [-1.69076, 5.93173], [-1.68916, 5.94056], [-1.69191, 5.94325], [-1.70366, 5.92723], [-1.70746, 5.92917], [-1.71378, 5.93864], [-1.70991, 5.95463], [-1.71492, 5.95716], [-1.72468, 5.95285], [-1.73226, 5.96808], [-1.7396, 5.96975], [-1.75026, 5.96602], [-1.75239, 5.96203], [-1.7642, 5.97006], [-1.77016, 5.96091], [-1.77775, 5.97179], [-1.7752, 5.98143], [-1.79166, 5.98826], [-1.79812, 5.99653], [-1.79718, 6.00009], [-1.80313, 5.993], [-1.81014, 6.00615], [-1.81264, 6.01123], [-1.80128, 6.0261], [-1.80764, 6.0328], [-1.82056, 6.02724], [-1.82372, 6.02854], [-1.82337, 6.0365], [-1.82848, 6.03322], [-1.83388, 6.03551], [-1.84328, 6.033], [-1.84478, 6.02605], [-1.85177, 6.0197], [-1.85044, 6.01455], [-1.86498, 6.0103], [-1.87098, 6.01203], [-1.87298, 6.02043], [-1.88048, 6.02532], [-1.87974, 6.03004], [-1.88484, 6.03142], [-1.89259, 6.01605], [-1.91356, 6.01108], [-1.92109, 6.01562], [-1.92698, 6.02973], [-1.92492, 6.03544], [-1.93432, 6.03667], [-1.94776, 6.04891], [-1.9499, 6.05697], [-1.95313, 6.05603], [-1.95217, 6.04883], [-1.96096, 6.05813], [-1.96532, 6.05737], [-1.96301, 6.05498], [-1.96523, 6.05052], [-1.96858, 6.05277], [-1.97249, 6.06183], [-1.97004, 6.06899], [-1.97396, 6.07127], [-1.9735, 6.07945], [-1.97842, 6.08879], [-1.97499, 6.0922], [-1.98019, 6.0937], [-1.98801, 6.10315], [-1.9862, 6.11424], [-1.97894, 6.11161], [-1.97974, 6.11724], [-1.98984, 6.1248], [-1.99738, 6.11604], [-2.00756, 6.11753], [-2.00626, 6.11127], [-2.01419, 6.11209], [-2.01425, 6.1279], [-2.01941, 6.12813], [-2.02469, 6.1334], [-2.02547, 6.14511], [-2.01948, 6.15242], [-2.02426, 6.15552], [-2.0244, 6.16699], [-2.02111, 6.17023], [-2.02265, 6.17954], [-2.0351, 6.18881], [-2.04032, 6.19794], [-2.03845, 6.20689], [-2.0316, 6.21045], [-2.02123, 6.22434], [-2.01986, 6.23587], [-2.02317, 6.24156], [-2.02336, 6.25502], [-2.00611, 6.27227], [-2.00974, 6.29263], [-2.0187, 6.29927], [-2.05774, 6.29726], [-2.07729, 6.28361], [-2.11639, 6.29031]]]}}, {"type": "Feature", "properties": {"shapeID": "69750345B13833050062966", "shapeName": "Bono Region"}, "geometry": {"type": "Polygon", "coordinates": [[[-2.90412, 6.90313], [-2.95297, 6.93886], [-2.97648, 6.94324], [-3.04554, 6.9261], [-3.07383, 6.93303], [-3.09072, 6.95527], [-3.10975, 7.0157], [-3.0876, 7.05271], [-3.04776, 7.06946], [-3.03189, 7.07181], [-3.02382, 7.14177], [-2.9528, 7.23772], [-2.9753, 7.26992], [-2.96993, 7.33174], [-2.94748, 7.43123], [-2.94565, 7.45224], [-2.93084, 7.49471], [-2.92215, 7.61221], [-2.86, 7.74918], [-2.84917, 7.76337], [-2.84802, 7.7839], [-2.82673, 7.80553], [-2.83105, 7.82001], [-2.79119, 7.86263], [-2.78142, 7.95218], [-2.7684, 7.94894], [-2.75765, 7.92846], [-2.7467, 7.92265], [-2.73101, 7.95804], [-2.70677, 7.98213], [-2.67962, 8.02039], [-2.62779, 8.02957], [-2.61987, 8.02286], [-2.60468, 8.03043], [-2.59775, 8.05728], [-2.6257, 8.10063], [-2.62927, 8.11592], [-2.62684, 8.12375], [-2.61477, 8.13667], [-2.6081, 8.15207], [-2.60068, 8.15418], [-2.58493, 8.15085], [-2.57592, 8.14469], [-2.5653, 8.1495], [-2.56, 8.14338], [-2.55662, 8.14692], [-2.55139, 8.14566], [-2.49303, 8.20648], [-2.49543, 8.30227], [-2.58425, 8.78658], [-2.56929, 8.77274], [-2.54286, 8.762], [-2.53526, 8.74029], [-2.52409, 8.73291], [-2.51199, 8.73052], [-2.49788, 8.718], [-2.48884, 8.69886], [-2.48685, 8.6847], [-2.4643, 8.65283], [-2.44626, 8.64274], [-2.44223, 8.64511], [-2.4315, 8.64087], [-2.43057, 8.63468], [-2.41684, 8.62316], [-2.41429, 8.60927], [-2.41866, 8.59529], [-2.41424, 8.57435], [-2.40927, 8.56679], [-2.38029, 8.55648], [-2.37026, 8.54696], [-2.35832, 8.51964], [-2.37053, 8.50636], [-2.36663, 8.47583], [-2.35588, 8.46894], [-2.35316, 8.46076], [-2.3469, 8.45626], [-2.34204, 8.44183], [-2.3237, 8.41232], [-2.31953, 8.41018], [-2.32068, 8.40516], [-2.31658, 8.39706], [-2.30882, 8.39382], [-2.30524, 8.38566], [-2.30726, 8.37079], [-2.30061, 8.36437], [-2.30443, 8.35483], [-2.29691, 8.34418], [-2.29332, 8.3248], [-2.28834, 8.32439], [-2.28568, 8.31919], [-2.28395, 8.29524], [-2.23963, 8.28199], [-2.22547, 8.26376], [-2.21052, 8.25986], [-2.20676, 8.25398], [-2.20813, 8.24467], [-2.21204, 8.24142], [-2.20361, 8.23118], [-2.19182, 8.2226], [-2.17605, 8.21893], [-2.16712, 8.21153], [-2.16165, 8.17427], [-2.13863, 8.16115], [-2.13613, 8.15303], [-2.12893, 8.14849], [-2.12174, 8.15105], [-2.08603, 8.1177], [-2.06131, 8.06331], [-2.02561, 8.02252], [-2.01599, 7.9994], [-2.02286, 7.96812], [-2.03522, 7.95044], [-2.01187, 7.94364], [-1.99127, 7.95588], [-1.96518, 7.94636], [-1.93771, 7.90419], [-1.90338, 7.86202], [-1.89377, 7.82257], [-1.89514, 7.79944], [-1.93909, 7.79128], [-1.96518, 7.794], [-2.01599, 7.76406], [-2.05307, 7.76406], [-2.06818, 7.73685], [-2.05856, 7.69058], [-2.03247, 7.662], [-2.06818, 7.64022], [-2.07779, 7.61844], [-2.08603, 7.58169], [-2.12174, 7.52315], [-2.12036, 7.50409], [-2.09898, 7.46331], [-2.10746, 7.46437], [-2.12026, 7.43546], [-2.13377, 7.41995], [-2.15296, 7.36495], [-2.14657, 7.34168], [-2.16293, 7.31752], [-2.20413, 7.31207], [-2.25083, 7.27666], [-2.2673, 7.23442], [-2.30164, 7.22489], [-2.33872, 7.22353], [-2.32498, 7.18129], [-2.28928, 7.14586], [-2.27966, 7.11316], [-2.31125, 7.09135], [-2.31674, 7.11316], [-2.34421, 7.1227], [-2.36206, 7.09817], [-2.41699, 7.08727], [-2.39227, 7.09953], [-2.41562, 7.11997], [-2.45133, 7.12815], [-2.49252, 7.12815], [-2.4884, 7.22625], [-2.54608, 7.22489], [-2.57355, 7.20854], [-2.58179, 7.17584], [-2.59689, 7.17584], [-2.64221, 7.13087], [-2.68753, 7.12951], [-2.69303, 7.09544], [-2.7301, 7.08999], [-2.75208, 7.06274], [-2.76169, 7.02321], [-2.79602, 7.0014], [-2.80563, 6.97141], [-2.83859, 6.94824], [-2.84271, 6.88007], [-2.86775, 6.83566], [-2.90412, 6.90313]]]}}, {"type": "Feature", "properties": {"shapeID": "69750345B58204744476950", "shapeName": "Volta Region"}, "geometry": {"type": "Polygon", "coordinates": [[[0.2162, 7.17403], [0.23524, 7.16706], [0.24251, 7.14858], [0.24264, 7.12704], [0.22447, 7.0994], [0.31579, 7.09598], [0.32849, 7.08925], [0.32808, 7.0974], [0.33976, 7.1159], [0.33856, 7.13063], [0.3502, 7.12659], [0.35746, 7.1317], [0.37119, 7.15428], [0.39159, 7.22663], [0.42709, 7.28093], [0.43533, 7.2846], [0.44095, 7.27745], [0.44834, 7.27715], [0.44539, 7.28162], [0.45201, 7.2849], [0.44855, 7.29778], [0.46516, 7.28973], [0.48368, 7.29316], [0.49141, 7.29019], [0.50505, 7.30095], [0.52252, 7.29769], [0.52715, 7.30309], [0.53479, 7.30479], [0.53477, 7.29992], [0.54049, 7.29557], [0.54167, 7.27149], [0.53696, 7.25637], [0.53343, 7.25443], [0.53355, 7.24738], [0.51708, 7.23973], [0.52119, 7.23472], [0.51932, 7.22052], [0.53566, 7.22008], [0.5427, 7.22515], [0.5409, 7.23322], [0.54399, 7.23858], [0.54861, 7.23895], [0.54903, 7.2465], [0.56091, 7.2597], [0.56284, 7.26825], [0.57167, 7.26762], [0.57325, 7.28109], [0.57708, 7.28414], [0.57409, 7.28782], [0.58077, 7.28862], [0.58356, 7.27811], [0.60631, 7.26652], [0.64334, 7.26306], [0.63376, 7.20687], [0.62435, 7.18293], [0.61666, 7.18195], [0.61416, 7.17402], [0.61849, 7.17057], [0.61598, 7.15764], [0.60482, 7.15391], [0.60543, 7.14194], [0.60314, 7.13578], [0.59675, 7.13339], [0.59143, 7.11384], [0.59115, 7.11152], [0.59662, 7.11425], [0.60249, 7.10716], [0.61154, 7.10556], [0.61416, 7.09933], [0.61098, 7.09731], [0.61414, 7.09001], [0.59759, 7.06262], [0.60462, 7.03594], [0.60132, 7.03393], [0.60355, 7.0223], [0.59258, 7.01001], [0.59692, 7.00632], [0.5802, 6.99391], [0.57044, 6.99613], [0.54959, 6.99165], [0.54196, 6.98744], [0.53397, 6.97676], [0.52124, 6.97107], [0.52601, 6.95509], [0.5218, 6.94782], [0.52283, 6.94322], [0.54564, 6.93356], [0.54845, 6.93616], [0.55045, 6.92793], [0.55961, 6.92911], [0.56601, 6.92106], [0.55847, 6.8876], [0.55102, 6.88093], [0.53528, 6.8765], [0.54342, 6.8644], [0.54279, 6.8611], [0.53129, 6.85686], [0.53147, 6.83317], [0.53467, 6.83426], [0.53226, 6.82847], [0.53937, 6.82513], [0.54627, 6.82785], [0.54454, 6.83089], [0.54829, 6.83362], [0.56103, 6.8241], [0.56519, 6.82505], [0.56956, 6.80943], [0.57984, 6.80729], [0.57593, 6.79855], [0.56997, 6.80111], [0.56984, 6.79279], [0.5662, 6.78867], [0.5699, 6.78505], [0.56663, 6.78232], [0.57754, 6.77444], [0.57237, 6.77356], [0.58144, 6.76149], [0.60057, 6.7568], [0.60871, 6.74698], [0.61878, 6.75481], [0.62543, 6.74712], [0.63124, 6.74943], [0.64996, 6.73761], [0.64136, 6.72241], [0.6481, 6.71287], [0.64266, 6.6883], [0.6462, 6.68605], [0.64965, 6.67432], [0.64275, 6.66457], [0.6354, 6.64151], [0.64002, 6.63879], [0.63648, 6.63394], [0.64342, 6.63201], [0.65718, 6.60758], [0.66615, 6.60438], [0.66494, 6.60863], [0.66997, 6.60821], [0.67331, 6.6139], [0.69136, 6.59863], [0.68415, 6.59763], [0.69137, 6.59074], [0.70459, 6.58771], [0.72827, 6.59398], [0.74134, 6.58415], [0.74756, 6.56295], [0.72904, 6.5497], [0.71242, 6.52918], [0.71896, 6.50253], [0.72608, 6.49116], [0.74405, 6.4832], [0.74959, 6.44412], [0.78256, 6.4331], [0.78912, 6.40874], [0.83569, 6.39694], [0.86188, 6.38047], [0.8853, 6.35232], [0.8931, 6.33333], [1.00347, 6.33548], [1.00822, 6.32107], [1.0053, 6.31099], [1.007, 6.29721], [1.01601, 6.28677], [1.0242, 6.25613], [1.03809, 6.23763], [1.04826, 6.23338], [1.05386, 6.23457], [1.06326, 6.2234], [1.0677, 6.20922], [1.08291, 6.18728], [1.0829, 6.16964], [1.19944, 6.16912], [1.19963, 6.11236], [1.14729, 6.09032], [1.11654, 6.07218], [1.08213, 6.04727], [1.0519, 6.01294], [1.01554, 5.96214], [0.99398, 5.92404], [0.99552, 5.88481], [0.97973, 5.83863], [0.94014, 5.79468], [0.92653, 5.78703], [0.805, 5.77189], [0.69501, 5.77177], [0.68015, 5.77944], [0.67226, 5.77428], [0.64502, 5.78111], [0.62922, 5.79109], [0.61979, 5.82648], [0.62183, 5.85295], [0.62855, 5.86334], [0.60153, 5.90032], [0.55465, 5.94888], [0.51912, 5.99327], [0.47478, 5.98867], [0.41044, 5.97011], [0.37849, 5.95868], [0.32669, 5.93358], [0.31739, 5.9378], [0.3259, 5.98278], [0.32366, 5.99065], [0.31441, 5.99615], [0.28715, 6.00257], [0.29527, 6.02928], [0.29427, 6.0614], [0.28315, 6.09053], [0.26276, 6.10488], [0.23603, 6.10545], [0.18296, 6.09255], [0.17549, 6.09383], [0.13824, 6.10969], [0.08476, 6.14827], [0.07774, 6.15699], [0.0769, 6.169], [0.08573, 6.17725], [0.10544, 6.21691], [0.10612, 6.22972], [0.09801, 6.23293], [0.08694, 6.26739], [0.06163, 6.28021], [0.06395, 6.29405], [0.05869, 6.29874], [0.0587, 6.30324], [0.0842, 6.33261], [0.09705, 6.35357], [0.12422, 6.42324], [0.12093, 6.44942], [0.09771, 6.50121], [0.07493, 6.53092], [0.07493, 6.55834], [0.08585, 6.58618], [0.11625, 6.63099], [0.20158, 6.69879], [0.21104, 6.72885], [0.2082, 6.76506], [0.20014, 6.80083], [0.18022, 6.86063], [0.16931, 6.94822], [0.16884, 6.97645], [0.15793, 7.00892], [0.15461, 7.0419], [0.16393, 7.10328], [0.18233, 7.1797], [0.2162, 7.17403]]]}}, {"type": "Feature", "properties": {"shapeID": "69750345B48673213774244", "shapeName": "Upper West Region"}, "geometry": {"type": "Polygon", "coordinates": [[[-1.55347, 10.05252], [-1.62609, 10.05858], [-1.61316, 10.03373], [-1.61316, 10.0107], [-1.66671, 10.00828], [-1.68456, 9.96949], [-1.67225, 9.92645], [-1.67532, 9.88643], [-1.6944, 9.87006], [-1.68517, 9.82519], [-1.67225, 9.78759], [-1.67963, 9.74028], [-1.69256, 9.71723], [-1.72948, 9.68872], [-1.8298, 9.66203], [-1.88273, 9.63594], [-1.9135, 9.63594], [-1.9295, 9.67841], [-1.96212, 9.72512], [-1.98981, 9.73482], [-2.07782, 9.69054], [-2.15598, 9.74574], [-2.20953, 9.80336], [-2.27599, 9.80882], [-2.39047, 9.78031], [-2.45447, 9.78092], [-2.51232, 9.76697], [-2.54186, 9.7142], [-2.57387, 9.71299], [-2.59541, 9.67113], [-2.75006, 9.64842], [-2.75387, 9.65301], [-2.75761, 9.68071], [-2.77678, 9.68647], [-2.78586, 9.69305], [-2.78303, 9.72716], [-2.79005, 9.74651], [-2.77818, 9.75687], [-2.75874, 9.8], [-2.74964, 9.80808], [-2.73264, 9.81472], [-2.72645, 9.8311], [-2.74646, 9.85409], [-2.7619, 9.88396], [-2.76333, 9.91497], [-2.75502, 9.93589], [-2.74483, 9.94747], [-2.74306, 9.96074], [-2.7498, 9.98196], [-2.77072, 10.00363], [-2.78171, 10.02678], [-2.78196, 10.04448], [-2.79047, 10.06959], [-2.78802, 10.0939], [-2.79316, 10.11843], [-2.79304, 10.12806], [-2.78723, 10.14107], [-2.79827, 10.1873], [-2.79643, 10.19836], [-2.76092, 10.22663], [-2.75634, 10.2458], [-2.76283, 10.26316], [-2.78069, 10.27207], [-2.79699, 10.27578], [-2.83295, 10.29554], [-2.84264, 10.30414], [-2.85047, 10.31883], [-2.84234, 10.3436], [-2.84195, 10.36606], [-2.83151, 10.38784], [-2.81875, 10.39773], [-2.79974, 10.3977], [-2.78008, 10.40851], [-2.77334, 10.42251], [-2.83378, 10.43721], [-2.86636, 10.4545], [-2.87274, 10.46709], [-2.87119, 10.48037], [-2.87474, 10.49026], [-2.89944, 10.52279], [-2.9002, 10.54648], [-2.91144, 10.56373], [-2.92411, 10.59455], [-2.93286, 10.60202], [-2.94132, 10.61684], [-2.94114, 10.63637], [-2.93778, 10.64302], [-2.93134, 10.65223], [-2.91564, 10.66432], [-2.90567, 10.68612], [-2.91077, 10.69938], [-2.93963, 10.70862], [-2.93799, 10.72189], [-2.91875, 10.73624], [-2.89528, 10.76441], [-2.8922, 10.78065], [-2.88081, 10.8045], [-2.87947, 10.83128], [-2.86397, 10.85718], [-2.86688, 10.87592], [-2.86404, 10.8877], [-2.85843, 10.89147], [-2.83799, 10.89312], [-2.8175, 10.925], [-2.81952, 10.94169], [-2.83776, 10.96005], [-2.8408, 10.96713], [-2.8337, 11.00669], [-2.75938, 11.0074], [-2.75887, 11.00306], [-2.73858, 11.00207], [-2.68952, 11.00428], [-2.63543, 10.99678], [-2.6321, 10.99958], [-2.47992, 10.98956], [-2.33021, 10.98977], [-2.22432, 10.99383], [-2.13138, 10.9859], [-1.74993, 10.9842], [-1.74993, 10.972], [-1.69141, 10.97278], [-1.69102, 10.98456], [-1.61631, 10.98509], [-1.61558, 11.02103], [-1.42631, 11.02103], [-1.42415, 11.01437], [-1.43172, 11.00978], [-1.42827, 10.99797], [-1.43838, 10.99067], [-1.44768, 10.9646], [-1.4441, 10.95024], [-1.44737, 10.93228], [-1.45625, 10.91163], [-1.45172, 10.9079], [-1.45198, 10.88877], [-1.45835, 10.87942], [-1.45332, 10.86581], [-1.45868, 10.84909], [-1.4725, 10.84418], [-1.47766, 10.83888], [-1.47873, 10.83061], [-1.49068, 10.83303], [-1.49407, 10.82987], [-1.50042, 10.81365], [-1.49101, 10.80674], [-1.49588, 10.78657], [-1.4997, 10.78243], [-1.52347, 10.77724], [-1.52894, 10.76522], [-1.52623, 10.7609], [-1.53341, 10.748], [-1.55109, 10.75055], [-1.55789, 10.74579], [-1.56188, 10.72868], [-1.56715, 10.72351], [-1.57305, 10.66659], [-1.56496, 10.62244], [-1.56654, 10.59909], [-1.55798, 10.59446], [-1.55345, 10.5864], [-1.52766, 10.58854], [-1.51705, 10.57816], [-1.52009, 10.5664], [-1.51782, 10.56121], [-1.5052, 10.55991], [-1.49105, 10.55103], [-1.48527, 10.5383], [-1.46655, 10.53793], [-1.4568, 10.53309], [-1.44821, 10.51607], [-1.46298, 10.50839], [-1.45893, 10.49765], [-1.46663, 10.48678], [-1.45757, 10.47892], [-1.44902, 10.4789], [-1.44632, 10.4693], [-1.43822, 10.46962], [-1.45746, 10.43588], [-1.52208, 10.39109], [-1.59285, 10.28695], [-1.63778, 10.17672], [-1.61255, 10.15067], [-1.5547, 10.1016], [-1.51716, 10.07615], [-1.55347, 10.05252]]]}}, {"type": "Feature", "properties": {"shapeID": "69750345B7467317238909", "shapeName": "Upper East Region"}, "geometry": {"type": "Polygon", "coordinates": [[[-0.10905, 10.70132], [-0.11036, 10.69586], [-0.12245, 10.68564], [-0.14153, 10.68174], [-0.15406, 10.67146], [-0.16041, 10.6715], [-0.16136, 10.67548], [-0.16368, 10.67062], [-0.17468, 10.67203], [-0.17701, 10.66758], [-0.18154, 10.67047], [-0.18669, 10.66873], [-0.20357, 10.65766], [-0.22988, 10.65576], [-0.2361, 10.64812], [-0.25785, 10.63838], [-0.26051, 10.63149], [-0.26954, 10.63429], [-0.27063, 10.63805], [-0.2822, 10.63933], [-0.285, 10.63408], [-0.29021, 10.63673], [-0.29692, 10.63205], [-0.30003, 10.63344], [-0.31052, 10.62294], [-0.32099, 10.62151], [-0.32376, 10.6255], [-0.33015, 10.62301], [-0.33092, 10.62541], [-0.33801, 10.61951], [-0.34681, 10.61823], [-0.35559, 10.6247], [-0.36684, 10.6241], [-0.39421, 10.60821], [-0.44356, 10.59907], [-0.46036, 10.60659], [-0.46795, 10.61755], [-0.49883, 10.6232], [-0.50703, 10.60678], [-0.50455, 10.60074], [-0.50791, 10.58965], [-0.5077, 10.5673], [-0.51615, 10.55992], [-0.52821, 10.55851], [-0.54858, 10.57073], [-0.55615, 10.57182], [-0.5666, 10.56597], [-0.58165, 10.54811], [-0.59525, 10.54628], [-0.60823, 10.55363], [-0.61847, 10.55564], [-0.62941, 10.55245], [-0.63946, 10.55565], [-0.65402, 10.54824], [-0.66422, 10.53022], [-0.67421, 10.52453], [-0.68695, 10.53074], [-0.68699, 10.54008], [-0.69004, 10.54215], [-0.70133, 10.53398], [-0.70217, 10.52515], [-0.70569, 10.52287], [-0.71073, 10.52379], [-0.7169, 10.53288], [-0.68611, 10.56705], [-0.69507, 10.58969], [-0.71346, 10.59919], [-0.7184, 10.60537], [-0.71786, 10.61578], [-0.70882, 10.61688], [-0.70636, 10.62072], [-0.71174, 10.64047], [-0.72686, 10.65172], [-0.74784, 10.64547], [-0.75482, 10.6398], [-0.76489, 10.64251], [-0.77755, 10.65204], [-0.79143, 10.6517], [-0.79672, 10.64523], [-0.79658, 10.62008], [-0.81792, 10.6031], [-0.82746, 10.59928], [-0.83766, 10.60115], [-0.84672, 10.56225], [-0.85632, 10.5506], [-0.86254, 10.54788], [-0.863, 10.54045], [-0.86846, 10.53399], [-0.87687, 10.53472], [-0.87946, 10.52197], [-0.89857, 10.51265], [-0.92244, 10.482], [-0.93146, 10.47997], [-0.93515, 10.48623], [-0.92091, 10.50028], [-0.90911, 10.51856], [-0.91346, 10.52741], [-0.92965, 10.52397], [-0.94776, 10.53245], [-0.95901, 10.52822], [-0.96596, 10.53638], [-0.98057, 10.53175], [-1.00998, 10.5374], [-1.04133, 10.52015], [-1.05557, 10.49749], [-1.065, 10.49703], [-1.07183, 10.48845], [-1.1055, 10.47788], [-1.1327, 10.45785], [-1.18262, 10.40599], [-1.22614, 10.39118], [-1.23401, 10.37775], [-1.23141, 10.36724], [-1.21311, 10.34554], [-1.20891, 10.32835], [-1.21616, 10.30399], [-1.22402, 10.30261], [-1.22193, 10.29487], [-1.23225, 10.29197], [-1.22759, 10.28668], [-1.23209, 10.2836], [-1.23971, 10.28601], [-1.23979, 10.27869], [-1.24148, 10.27681], [-1.24172, 10.28067], [-1.24718, 10.28086], [-1.24295, 10.27641], [-1.24754, 10.27447], [-1.24893, 10.27828], [-1.25391, 10.27718], [-1.2526, 10.28038], [-1.25568, 10.28183], [-1.25817, 10.29274], [-1.25431, 10.29472], [-1.25581, 10.30303], [-1.25937, 10.30218], [-1.26446, 10.31067], [-1.27147, 10.31299], [-1.26881, 10.32555], [-1.27337, 10.32678], [-1.27237, 10.32101], [-1.28554, 10.32148], [-1.28979, 10.32613], [-1.29704, 10.32379], [-1.32666, 10.33156], [-1.32312, 10.33434], [-1.32658, 10.34133], [-1.33651, 10.34789], [-1.3407, 10.34287], [-1.34894, 10.3475], [-1.34333, 10.35134], [-1.34584, 10.35532], [-1.34366, 10.36105], [-1.3489, 10.37202], [-1.3535, 10.37665], [-1.36596, 10.37721], [-1.37509, 10.38215], [-1.38159, 10.38992], [-1.38528, 10.4052], [-1.37542, 10.40521], [-1.36791, 10.41145], [-1.36377, 10.42198], [-1.37356, 10.42607], [-1.36604, 10.42809], [-1.36281, 10.43506], [-1.38042, 10.45597], [-1.37361, 10.45867], [-1.37466, 10.46458], [-1.39201, 10.47412], [-1.40316, 10.48534], [-1.41731, 10.46761], [-1.42727, 10.46356], [-1.43822, 10.46962], [-1.44632, 10.4693], [-1.44902, 10.4789], [-1.45757, 10.47892], [-1.46663, 10.48678], [-1.45893, 10.49765], [-1.46298, 10.50839], [-1.44821, 10.51607], [-1.4568, 10.53309], [-1.46655, 10.53793], [-1.48527, 10.5383], [-1.49105, 10.55103], [-1.5052, 10.55991], [-1.51782, 10.56121], [-1.52009, 10.5664], [-1.51705, 10.57816], [-1.52766, 10.58854], [-1.55345, 10.5864], [-1.55798, 10.59446], [-1.56654, 10.59909], [-1.56496, 10.62244], [-1.57305, 10.66659], [-1.56715, 10.72351], [-1.56188, 10.72868], [-1.55789, 10.74579], [-1.55109, 10.75055], [-1.53341, 10.748], [-1.52623, 10.7609], [-1.52894, 10.76522], [-1.52347, 10.77724], [-1.4997, 10.78243], [-1.49588, 10.78657], [-1.49101, 10.80674], [-1.50042, 10.81365], [-1.49407, 10.82987], [-1.49068, 10.83303], [-1.47873, 10.83061], [-1.47766, 10.83888], [-1.4725, 10.84418], [-1.45868, 10.84909], [-1.45332, 10.86581], [-1.45835, 10.87942], [-1.45198, 10.88877], [-1.45172, 10.9079], [-1.45625, 10.91163], [-1.44737, 10.93228], [-1.4441, 10.95024], [-1.44768, 10.9646], [-1.43838, 10.99067], [-1.42827, 10.99797], [-1.43172, 11.00978], [-1.42415, 11.01437], [-1.42631, 11.02103], [-1.3952, 11.01201], [-1.38275, 10.99676], [-1.31141, 10.99268], [-1.11831, 10.98557], [-1.1148, 10.98571], [-1.11502, 11.00384], [-1.00826, 11.00804], [-1.00029, 11.00783], [-1.00022, 10.9977], [-0.91652, 11.00198], [-0.91677, 10.98026], [-0.88884, 10.98014], [-0.88857, 10.96517], [-0.89346, 10.96239], [-0.87001, 10.9666], [-0.85507, 10.99804], [-0.82844, 10.99805], [-0.82733, 11.00649], [-0.80756, 11.00583], [-0.8076, 10.99784], [-0.6842, 10.99736], [-0.68619, 10.98662], [-0.68092, 10.98255], [-0.67751, 10.98214], [-0.67247, 10.99029], [-0.65375, 10.98731], [-0.65528, 10.97601], [-0.66369, 10.97467], [-0.67108, 10.95828], [-0.66252, 10.95564], [-0.65612, 10.96347], [-0.65275, 10.96323], [-0.64566, 10.95588], [-0.64846, 10.94947], [-0.62596, 10.93884], [-0.61822, 10.9105], [-0.59319, 10.92358], [-0.59368, 10.93074], [-0.58628, 10.93829], [-0.58623, 10.96075], [-0.58163, 10.96286], [-0.57978, 10.97229], [-0.56829, 10.99232], [-0.55268, 10.99], [-0.55115, 10.9787], [-0.54479, 10.97471], [-0.54346, 10.98534], [-0.52746, 11.00009], [-0.52336, 10.99168], [-0.51088, 10.98839], [-0.51064, 10.99275], [-0.50099, 11.00342], [-0.50148, 11.01772], [-0.48008, 11.02355], [-0.47945, 11.03177], [-0.47499, 11.03605], [-0.46165, 11.02807], [-0.43801, 11.03034], [-0.43359, 11.03715], [-0.4386, 11.04431], [-0.43493, 11.04785], [-0.43975, 11.06487], [-0.43308, 11.07886], [-0.43164, 11.10248], [-0.42757, 11.11434], [-0.40711, 11.12187], [-0.4021, 11.12715], [-0.37245, 11.12326], [-0.37516, 11.10583], [-0.36968, 11.09797], [-0.37198, 11.09171], [-0.36802, 11.08392], [-0.35992, 11.07833], [-0.36157, 11.06917], [-0.35908, 11.06989], [-0.35487, 11.07311], [-0.35481, 11.08378], [-0.33955, 11.08813], [-0.33539, 11.10049], [-0.33678, 11.10623], [-0.33275, 11.1093], [-0.32122, 11.11541], [-0.30988, 11.11533], [-0.27095, 11.12627], [-0.27177, 11.13787], [-0.28206, 11.14095], [-0.28938, 11.1483], [-0.28439, 11.15421], [-0.28424, 11.16429], [-0.28019, 11.17213], [-0.27528, 11.17486], [-0.13623, 11.13951], [-0.13381, 11.12982], [-0.14374, 11.11864], [-0.143, 11.10583], [-0.12641, 11.10602], [-0.11923, 11.09935], [-0.1025, 11.09374], [-0.10308, 11.09024], [-0.095, 11.08613], [-0.0547, 11.08597], [-0.04619, 11.10035], [-0.03863, 11.10608], [-0.01943, 11.11449], [-0.0147, 11.11311], [-0.00431, 11.10751], [-0.00519, 11.10089], [0.00182, 11.0943], [0.00321, 11.08404], [0.0239, 11.06262], [0.02857, 11.00398], [0.03439, 10.99269], [0.03124, 10.9827], [0.03353, 10.97881], [0.02351, 10.97741], [0.00967, 10.96551], [-0.00609, 10.96326], [-0.00704, 10.94565], [-0.01187, 10.94376], [-0.00766, 10.91467], [-0.01509, 10.90629], [-0.0122, 10.90539], [-0.01772, 10.88954], [-0.02537, 10.88134], [-0.02512, 10.86576], [-0.0295, 10.85447], [-0.02791, 10.84221], [-0.02235, 10.83171], [-0.0219, 10.8187], [-0.04388, 10.79813], [-0.04459, 10.7924], [-0.05764, 10.78461], [-0.06441, 10.77251], [-0.07259, 10.76993], [-0.06966, 10.76491], [-0.07425, 10.75637], [-0.07092, 10.74151], [-0.07419, 10.73177], [-0.07256, 10.71949], [-0.10905, 10.70132]]]}}, {"type": "Feature", "properties": {"shapeID": "69750345B46963341226980", "shapeName": "Greater Accra Region"}, "geometry": {"type": "Polygon", "coordinates": [[[-0.4727, 5.78205], [-0.46159, 5.79004], [-0.43062, 5.79193], [-0.40242, 5.75486], [-0.39175, 5.74527], [-0.38328, 5.74338], [-0.33433, 5.75472], [-0.31971, 5.78234], [-0.31241, 5.78408], [-0.27162, 5.76892], [-0.25596, 5.76908], [-0.21856, 5.78331], [-0.15626, 5.81631], [-0.13774, 5.84637], [-0.09081, 5.8372], [-0.05269, 5.8735], [-0.0073, 5.89726], [0.03076, 5.93171], [0.05107, 5.94299], [0.05226, 5.98071], [0.08764, 5.98382], [0.16423, 6.02495], [0.17826, 6.02881], [0.18796, 6.02495], [0.22961, 6.03504], [0.25216, 6.03282], [0.26873, 6.02376], [0.27709, 6.00802], [0.29381, 5.99897], [0.31441, 5.99615], [0.32366, 5.99065], [0.3259, 5.98278], [0.31739, 5.9378], [0.32669, 5.93358], [0.37849, 5.95868], [0.41044, 5.97011], [0.47478, 5.98867], [0.51912, 5.99327], [0.55465, 5.94888], [0.60153, 5.90032], [0.62855, 5.86334], [0.62183, 5.85295], [0.61979, 5.82648], [0.62922, 5.79109], [0.64502, 5.78111], [0.67226, 5.77428], [0.66528, 5.76973], [0.62182, 5.77621], [0.44118, 5.78966], [0.32386, 5.78291], [0.2567, 5.76862], [0.21994, 5.74681], [0.17865, 5.74165], [0.16454, 5.73243], [0.1381, 5.72213], [0.13081, 5.7107], [0.12443, 5.70692], [0.06814, 5.6941], [0.03765, 5.6682], [0.03752, 5.65951], [0.02525, 5.65019], [0.01782, 5.63825], [0.0177, 5.64432], [0.01611, 5.64423], [0.01495, 5.63976], [0.01627, 5.63713], [0.01884, 5.63815], [0.01979, 5.63627], [0.01673, 5.63686], [0.01743, 5.63473], [0.02126, 5.63452], [0.01675, 5.62885], [0.01476, 5.63843], [0.00485, 5.62504], [0.0098, 5.62754], [0.00656, 5.62357], [0.0092, 5.62212], [0.01943, 5.62723], [0.01051, 5.62207], [0.00899, 5.6219], [0.00395, 5.62428], [-0.02089, 5.61349], [-0.03864, 5.61251], [-0.05984, 5.60649], [-0.06335, 5.59919], [-0.07514, 5.58951], [-0.0948, 5.58256], [-0.10197, 5.5755], [-0.12295, 5.56617], [-0.20424, 5.54145], [-0.20912, 5.53286], [-0.33143, 5.50603], [-0.3639, 5.49581], [-0.38796, 5.48213], [-0.41025, 5.52888], [-0.43059, 5.55253], [-0.43611, 5.56388], [-0.43059, 5.5987], [-0.49023, 5.66516], [-0.49637, 5.67679], [-0.49199, 5.70383], [-0.49944, 5.71532], [-0.49885, 5.72491], [-0.4727, 5.78205]]]}}]}